Rank by Integral,Energy (eV),Rank by Energy,TOF (us),Integral,Peak Width,Rank by Peak Width,Peak Height,Rank by Peak Height,Relevant Isotope
0,1710000.0,(1),1.2968,11318600.0,2254910.0,(0),1.58942,(1),none
1,2365000.0,(2),1.10269,11318600.0,2254910.0,(1),1.45254,(2),none
2,133000.0,(0),4.6499,421865.0,110063.0,(3),5.31711,(0),none
3,2565000.0,(3),1.05883,201815.0,823000.0,(2),1.35403,(3),none
