Rank by Integral,Energy (eV),Rank by Energy,TOF (us),Integral,Peak Width,Rank by Peak Width,Peak Height,Rank by Peak Height,Relevant Isotope
0,6580000.0,(5),0.661084,446039.0,920000.0,(0),0.737239,(5),['06-C-12_n-tot']
1,3010000.0,(3),0.977432,150060.0,288000.0,(3),1.13467,(3),['06-C-12_n-tot']
2,2391630.0,(1),1.09654,74358.1,332500.0,(1),1.5815,(2),['06-C-12_n-tot']
3,2025000.0,(0),1.19167,28609.8,288500.0,(2),1.65875,(1),['06-C-12_n-tot']
4,5340000.0,(4),0.733836,21401.9,93500.0,(4),1.02807,(4),['06-C-12_n-tot']
5,2824000.0,(2),1.00911,0.00122673,80000.0,(5),2.06115,(0),['06-C-13_n-tot']
