Rank by Integral,Energy (eV),Rank by Energy,TOF (us),Integral,Peak Width,Rank by Peak Width,Peak Height,Rank by Peak Height,Relevant Isotope
0,2030000.0,(0),1.1902,1359620.0,2065990.0,(0),1.70181,(1),none
1,2400000.0,(1),1.09462,1341750.0,716500.0,(3),1.60736,(2),none
2,6580000.0,(7),0.661084,933295.0,1365000.0,(1),0.732256,(7),none
3,3015000.0,(3),0.976621,346432.0,360000.0,(6),1.17078,(4),none
4,5760000.0,(6),0.706575,109347.0,780000.0,(2),1.07417,(6),none
5,4918000.0,(4),0.764673,42154.6,393000.0,(5),1.25853,(3),none
6,5310000.0,(5),0.735906,37532.4,398000.0,(4),1.07436,(5),none
7,2828000.0,(2),1.00839,2170.43,43000.0,(7),2.11953,(0),none
