Rank by Integral,Energy (eV),Rank by Energy,TOF (us),Integral,Peak Width,Rank by Peak Width,Peak Height,Rank by Peak Height,Relevant Isotope
0,1710000.0,(1),1.2968,2482700.0,1573000.0,(1),1.58942,(1),none
1,2365000.0,(2),1.10269,1982740.0,2237500.0,(0),1.45254,(2),none
2,2565000.0,(3),1.05883,813940.0,745000.0,(2),1.35403,(3),none
3,133000.0,(0),4.6499,115319.0,150622.0,(3),5.31711,(0),none
