Rank by Integral,Energy (eV),Rank by Energy,TOF (us),Integral,Peak Width,Rank by Peak Width,Peak Height,Rank by Peak Height,Relevant Isotope
0,5340000.0,(4),0.733836,712365.0,425300.0,(4),1.02807,(4),['06-C-12_n-tot']
1,3010000.0,(3),0.977432,284039.0,308000.0,(5),1.13467,(3),['06-C-12_n-tot']
2,6580000.0,(5),0.661084,255867.0,840000.0,(1),0.737239,(5),['06-C-12_n-tot']
3,2824000.0,(2),1.00911,213695.0,756000.0,(2),2.06115,(0),['06-C-12_n-tot']
4,2391630.0,(1),1.09654,191710.0,713000.0,(3),1.5815,(2),['06-C-12_n-tot']
5,2025000.0,(0),1.19167,179821.0,1266000.0,(0),1.65875,(1),['06-C-12_n-tot']
