Rank by Integral,Energy (eV),Rank by Energy,TOF (us),Integral,Peak Width,Rank by Peak Width,Peak Height,Rank by Peak Height,Relevant Isotope
0,6580000.0,(7),0.661084,949077.0,1032000.0,(1),0.732256,(7),none
1,2030000.0,(0),1.1902,745499.0,1518000.0,(0),1.70181,(1),none
2,5760000.0,(6),0.706575,329310.0,836000.0,(2),1.07417,(6),none
3,2400000.0,(1),1.09462,217285.0,705000.0,(3),1.60736,(2),none
4,3015000.0,(3),0.976621,110586.0,245000.0,(6),1.17078,(4),none
5,4918000.0,(4),0.764673,31318.9,462000.0,(4),1.25853,(3),none
6,5310000.0,(5),0.735906,17818.5,389000.0,(5),1.07436,(5),none
7,2828000.0,(2),1.00839,6663.79,55000.0,(7),2.11953,(0),none
