Rank by Integral,Energy (eV),Rank by Energy,TOF (us),Integral,Peak Width,Rank by Peak Width,Peak Height,Rank by Peak Height,Relevant Isotope
0,410000.0,(0),2.64836,1008040.0,428700.0,(0),2.67934,(0),['07-N-14_n-tot']
1,1240000.0,(4),1.52286,129634.0,161000.0,(5),1.41718,(4),['07-N-14_n-tot']
2,620000.0,(1),2.15364,75816.4,202000.0,(2),1.50232,(3),['07-N-14_n-tot']
3,1535000.0,(5),1.36872,60374.9,172000.0,(4),1.92427,(1),['07-N-14_n-tot']
4,1174000.0,(3),1.56508,58745.1,64000.0,(7),1.39962,(5),['07-N-14_n-tot']
5,2755000.0,(7),1.02167,25775.7,200000.0,(3),1.2328,(6),['07-N-14_n-tot']
6,1690000.0,(6),1.30445,22864.7,130000.0,(6),1.85348,(2),['07-N-14_n-tot']
7,970000.0,(2),1.7218,612.027,214500.0,(1),1.0008,(7),['07-N-14_n-tot']
