Rank by Integral,Energy (eV),Rank by Energy,TOF (us),Integral,Peak Width,Rank by Peak Width,Peak Height,Rank by Peak Height,Relevant Isotope
0,410000.0,(0),2.64836,1152780.0,428947.0,(0),2.67656,(0),none
1,1240000.0,(4),1.52286,140206.0,161000.0,(4),1.41385,(4),none
2,970000.0,(2),1.7218,99764.7,130000.0,(5),0.994588,(7),none
3,620000.0,(1),2.15364,83377.2,202000.0,(1),1.49653,(3),none
4,1535000.0,(5),1.36872,64158.3,172000.0,(3),1.92361,(1),none
5,1174000.0,(3),1.56508,61864.1,64000.0,(7),1.39598,(5),none
6,1690000.0,(6),1.30445,24028.2,130000.0,(6),1.85291,(2),none
7,2755000.0,(7),1.02167,23408.7,200000.0,(2),1.228,(6),none
