Rank by Integral,Energy (eV),Rank by Energy,TOF (us),Integral,Peak Width,Rank by Peak Width,Peak Height,Rank by Peak Height,Relevant Isotope
0,410000.0,(0),2.64836,580263.0,395400.0,(1),2.67656,(0),none
1,970000.0,(2),1.7218,224252.0,274000.0,(2),0.994588,(7),none
2,2755000.0,(7),1.02167,28353.5,405000.0,(0),1.228,(6),none
3,620000.0,(1),2.15364,26811.6,127000.0,(4),1.49653,(3),none
4,1174000.0,(3),1.56508,17960.2,48200.0,(7),1.39598,(5),none
5,1535000.0,(5),1.36872,15597.0,130000.0,(3),1.92361,(1),none
6,1240000.0,(4),1.52286,12190.5,123000.0,(5),1.41385,(4),none
7,1690000.0,(6),1.30445,10109.4,110000.0,(6),1.85291,(2),none
