Rank by Integral,Energy (eV),Rank by Energy,TOF (us),Integral,Peak Width,Rank by Peak Width,Peak Height,Rank by Peak Height,Relevant Isotope
0,3962400.0,(6),0.851904,1793030.0,1226500.0,(0),1.3932,(5),none
1,5360000.0,(7),0.732466,273272.0,369400.0,(5),1.258,(6),none
2,2035000.0,(3),1.18874,255592.0,1125000.0,(1),1.0404,(7),none
3,850000.0,(0),1.83933,183870.0,906703.0,(4),2.74465,(1),none
4,2732400.0,(4),1.02588,137465.0,131100.0,(6),2.2702,(3),none
5,2890000.0,(5),0.997518,14874.9,33500.0,(7),3.0879,(0),none
6,1090000.0,(1),1.62426,0.0,1085000.0,(2),2.4803,(2),none
7,1525000.0,(2),1.3732,0.0,1060000.0,(3),2.1006,(4),none
