Rank by Integral,Energy (eV),Rank by Energy,TOF (us),Integral,Peak Width,Rank by Peak Width,Peak Height,Rank by Peak Height,Relevant Isotope
0,3962400.0,(6),0.851904,561103.0,990000.0,(0),1.3932,(5),none
1,2035000.0,(3),1.18874,180784.0,245000.0,(5),1.0404,(7),none
2,1090000.0,(1),1.62426,145811.0,803459.0,(1),2.4803,(2),none
3,1525000.0,(2),1.3732,145811.0,803459.0,(2),2.1006,(4),none
4,850000.0,(0),1.83933,139617.0,657327.0,(3),2.74465,(1),none
5,5360000.0,(7),0.732466,101564.0,590000.0,(4),1.258,(6),none
6,2732400.0,(4),1.02588,25702.4,150000.0,(7),2.2702,(3),none
7,2890000.0,(5),0.997518,0.0,180000.0,(6),3.0879,(0),none
