Rank by Integral,Energy (eV),Rank by Energy,TOF (us),Integral,Peak Width,Rank by Peak Width,Peak Height,Rank by Peak Height,Relevant Isotope
0,2071150.0,(5),1.17832,523727.0,547450.0,(1),2.69709,(3),none
1,495350.0,(0),2.40943,350301.0,611962.0,(0),2.5125,(4),none
2,3023630.0,(6),0.975226,250883.0,526870.0,(2),2.09539,(6),none
3,1053880.0,(1),1.65186,235777.0,407853.0,(3),2.49905,(5),none
4,1829740.0,(4),1.25365,190195.0,240640.0,(4),3.20039,(2),none
5,1285000.0,(3),1.49595,137771.0,175840.0,(5),4.02477,(0),none
6,1249980.0,(2),1.51676,7394.6,21250.0,(6),3.47521,(1),none
