Rank by Integral,Energy (eV),Rank by Energy,TOF (us),Integral,Peak Width,Rank by Peak Width,Peak Height,Rank by Peak Height,Relevant Isotope
0,495350.0,(0),2.40943,877561.0,605802.0,(0),2.5125,(4),none
1,3023630.0,(6),0.975226,762906.0,579090.0,(1),2.09539,(6),none
2,1053880.0,(1),1.65186,695024.0,462639.0,(2),2.49905,(5),none
3,2071150.0,(5),1.17832,626023.0,420550.0,(3),2.69709,(3),none
4,1285000.0,(3),1.49595,111301.0,111200.0,(5),4.02477,(0),none
5,1829740.0,(4),1.25365,96185.7,138700.0,(4),3.20039,(2),none
6,1249980.0,(2),1.51676,15366.7,22020.0,(6),3.47521,(1),none
