Rank by Integral,Energy (eV),Rank by Energy,TOF (us),Integral,Peak Width,Rank by Peak Width,Peak Height,Rank by Peak Height,Relevant Isotope
0,1261550.0,(7),1.50979,6421550.0,5018360.0,(1),2.60566,(3),none
1,296889.0,(3),3.11224,2430710.0,321443.0,(3),2.08926,(5),none
2,763919.0,(5),1.9402,1883830.0,419450.0,(2),2.48523,(4),none
3,1007300.0,(6),1.68962,690519.0,206575.0,(4),1.6219,(7),none
4,390233.0,(4),2.71461,605334.0,78975.0,(5),1.28229,(8),none
5,2650.95,(0),32.9359,81221.3,2669.88,(7),4.45927,(0),none
6,5285.47,(1),23.3253,0.0,2639.94,(8),4.20546,(1),none
7,22567.4,(2),11.2883,0.0,17308.4,(6),3.77009,(2),none
8,10839600.0,(8),0.515066,0.0,15939300.0,(0),1.68017,(6),none
