Rank by Integral,Energy (eV),Rank by Energy,TOF (us),Integral,Peak Width,Rank by Peak Width,Peak Height,Rank by Peak Height,Relevant Isotope
0,596.875,(0),67.6315,36879.0,2789.42,(6),0.00553086,(0),none
1,26727.1,(2),10.1068,24482.3,27772.7,(2),2.07478e-05,(4),none
2,99469.0,(3),5.23898,22546.2,64208.0,(0),1.31789e-05,(6),none
3,130090.0,(4),4.58109,12163.6,25696.0,(3),1.59549e-05,(5),none
4,150254.0,(5),4.26263,11421.2,46925.0,(1),2.15572e-05,(3),none
5,227338.0,(6),3.46541,1561.01,23658.0,(4),0.000231395,(2),none
6,7471.98,(1),19.1149,1216.17,4818.53,(5),0.000374062,(1),none
