Rank by Integral,Energy (eV),Rank by Energy,TOF (us),Integral,Peak Width,Rank by Peak Width,Peak Height,Rank by Peak Height,Relevant Isotope
0,7500.0,(0),19.5812,871434.0,19806.2,(1),2.43974,(4),none
1,209860.0,(7),3.70173,638170.0,104123.0,(0),2.32043,(5),none
2,99653.6,(5),5.37184,131312.0,18446.4,(2),3.72664,(2),none
3,63603.0,(2),6.72405,78144.1,8871.5,(4),1.6473,(7),none
4,78700.2,(3),6.0448,48043.8,5340.5,(6),11.6825,(0),none
5,102397.0,(6),5.29939,39861.3,6037.6,(5),3.58982,(3),none
6,81259.4,(4),5.94885,20111.3,1751.4,(7),8.43409,(1),none
7,219844.0,(8),3.6167,12972.3,10000.0,(3),2.28929,(6),none
8,62740.6,(1),6.77011,7068.95,1177.7,(8),1.29895,(8),none
