Rank by Integral,Energy (eV),Rank by Energy,TOF (us),Integral,Peak Width,Rank by Peak Width,Peak Height,Rank by Peak Height,Relevant Isotope
0,62740.6,(1),6.77011,617671.0,41904.9,(0),1.29895,(7),none
1,7500.0,(0),19.5812,198276.0,17832.9,(1),2.43974,(4),none
2,63603.0,(2),6.72405,32607.1,7700.2,(4),1.6473,(6),none
3,99653.6,(5),5.37184,14071.1,15907.1,(2),3.72664,(2),none
4,102397.0,(6),5.29939,9462.32,5220.4,(5),3.58982,(3),none
5,78700.2,(3),6.0448,6021.5,2013.7,(6),11.6825,(0),none
6,81259.4,(4),5.94885,5263.89,1502.5,(7),8.43409,(1),none
7,219844.0,(7),3.6167,2808.58,9933.0,(3),2.28929,(5),none
