Rank by Integral,Energy (eV),Rank by Energy,TOF (us),Integral,Peak Width,Rank by Peak Width,Peak Height,Rank by Peak Height,Relevant Isotope
0,62740.6,(1),6.77011,78195.5,38687.5,(0),1.29895,(7),none
1,7500.0,(0),19.5812,42852.1,17379.8,(3),2.43974,(4),none
2,99653.6,(5),5.37184,14991.5,17435.6,(2),3.72664,(2),none
3,63603.0,(2),6.72405,5745.99,5700.1,(4),1.6473,(6),none
4,102397.0,(6),5.29939,3264.87,4827.3,(5),3.58982,(3),none
5,78700.2,(3),6.0448,2298.68,1553.0,(6),11.6825,(0),none
6,81259.4,(4),5.94885,1849.36,1313.8,(7),8.43409,(1),none
7,219844.0,(7),3.6167,0.0,19855.0,(1),2.28929,(5),none
