Rank by Integral,Energy (eV),Rank by Energy,TOF (us),Integral,Peak Width,Rank by Peak Width,Peak Height,Rank by Peak Height,Relevant Isotope
0,114037.0,(1),5.02165,1922430.0,151173.0,(0),2.43062,(5),none
1,68526.8,(0),6.47798,1061950.0,68694.1,(3),2.47934,(4),none
2,224637.0,(2),3.57791,1009920.0,75781.0,(2),3.459,(2),none
3,423479.0,(3),2.60588,755473.0,129234.0,(1),2.61038,(3),none
4,449917.0,(5),2.52815,72382.9,17697.0,(4),3.89124,(1),none
5,430199.0,(4),2.58544,32905.1,5093.0,(5),3.96368,(0),none
