Rank by Integral,Energy (eV),Rank by Energy,TOF (us),Integral,Peak Width,Rank by Peak Width,Peak Height,Rank by Peak Height,Relevant Isotope
0,38381.7,(0),8.4339,28321.1,43025.7,(1),0.000437414,(3),none
1,171148.0,(4),3.99397,17717.7,104198.0,(0),4.66216e-05,(4),none
2,98066.1,(3),5.27632,9225.95,18448.2,(2),0.000455272,(2),none
3,64028.6,(1),6.52986,6433.35,10018.8,(3),0.00301864,(1),none
4,81044.5,(2),5.80402,627.003,1748.0,(4),0.0084376,(0),none
