Rank by Integral,Energy (eV),Rank by Energy,TOF (us),Integral,Peak Width,Rank by Peak Width,Peak Height,Rank by Peak Height,Relevant Isotope
0,13125.0,(0),14.4225,129055.0,46349.7,(3),0.000101827,(3),none
1,342751.0,(3),2.82229,61946.8,172771.0,(0),0.000203579,(0),none
2,179683.0,(2),3.89796,57966.7,80496.0,(2),0.000184853,(1),none
3,169508.0,(1),4.01324,35591.2,93471.6,(1),0.000179741,(2),none
