Rank by Integral,Energy (eV),Rank by Energy,TOF (us),Integral,Peak Width,Rank by Peak Width,Peak Height,Rank by Peak Height,Relevant Isotope
0,3687.5,(0),27.2098,44632.3,5904.14,(3),0.000523863,(1),none
1,178650.0,(3),3.90921,3766.13,45127.0,(1),0.000263996,(3),none
2,103116.0,(2),5.1455,979.222,4105.3,(4),0.000571031,(0),none
3,58661.9,(1),6.82201,686.504,51412.3,(0),0.000321184,(2),none
4,242665.0,(4),3.35419,284.051,33264.0,(2),0.00010875,(4),none
