Rank by Integral,Energy (eV),Rank by Energy,TOF (us),Integral,Peak Width,Rank by Peak Width,Peak Height,Rank by Peak Height,Relevant Isotope
0,76903.6,(4),6.115,188924.0,23811.4,(0),0.911636,(3),none
1,13357.7,(0),14.6725,95550.5,7814.0,(1),1.57572,(1),none
2,51345.3,(2),7.48375,15194.0,2402.4,(4),0.490687,(6),none
3,126464.0,(5),4.76855,9544.74,3820.0,(3),0.869251,(4),none
4,23712.4,(1),11.0124,9527.19,1151.8,(6),1.41459,(2),none
5,53033.6,(3),7.36367,8622.7,1183.1,(5),3.41574,(0),none
6,219533.0,(6),3.61926,6951.34,5716.0,(2),0.844952,(5),none
