Rank by Integral,Energy (eV),Rank by Energy,TOF (us),Integral,Peak Width,Rank by Peak Width,Peak Height,Rank by Peak Height,Relevant Isotope
0,107200.0,(0),5.17932,90116.5,117413.0,(1),1.43907,(4),none
1,291895.0,(1),3.13875,64190.9,175965.0,(0),0.0165402,(7),none
2,430418.0,(5),2.58479,26682.4,29059.0,(3),1.99357,(2),none
3,353545.0,(3),2.85199,24233.7,34711.0,(2),0.0506576,(6),none
4,381579.0,(4),2.74522,23534.9,25855.0,(4),2.63658,(1),none
5,462426.0,(6),2.49373,14678.6,25767.0,(5),1.49977,(3),none
6,314030.0,(2),3.02611,6166.05,7236.0,(6),3.88684,(0),none
7,469992.0,(7),2.47357,3037.19,5510.0,(7),0.191971,(5),none
