Rank by Integral,Energy (eV),Rank by Energy,TOF (us),Integral,Peak Width,Rank by Peak Width,Peak Height,Rank by Peak Height,Relevant Isotope
0,219533.0,(6),3.61926,891523.0,93637.0,(0),0.844952,(7),none
1,126464.0,(5),4.76855,824572.0,49840.4,(1),0.869251,(6),none
2,13357.7,(0),14.6725,620814.0,13450.5,(5),1.57572,(3),none
3,51345.3,(2),7.48375,439347.0,27498.4,(3),0.490687,(8),none
4,76903.6,(4),6.115,271096.0,23449.8,(4),0.911636,(5),none
5,23712.4,(1),11.0124,209569.0,10307.3,(6),1.41459,(4),none
6,259888.0,(7),3.32642,122775.0,38729.0,(2),2.07821,(1),none
7,53033.6,(3),7.36367,27558.4,1495.5,(7),3.41574,(0),none
