Rank by Integral,Energy (eV),Rank by Energy,TOF (us),Integral,Peak Width,Rank by Peak Width,Peak Height,Rank by Peak Height,Relevant Isotope
0,479919.0,(8),2.44786,27799400.0,15278900.0,(0),2.17516,(2),none
1,291895.0,(1),3.13875,2833450.0,184331.0,(2),0.0165402,(9),none
2,430418.0,(5),2.58479,335822.0,38881.0,(4),1.99357,(3),none
3,462426.0,(6),2.49373,249864.0,28291.0,(6),1.49977,(5),none
4,353545.0,(3),2.85199,238381.0,39813.0,(3),0.0506576,(8),none
5,381579.0,(4),2.74522,189272.0,38275.0,(5),2.63658,(1),none
6,314030.0,(2),3.02611,43964.5,13996.0,(7),3.88684,(0),none
7,469992.0,(7),2.47357,36939.4,7043.0,(8),0.191971,(7),none
8,16000000.0,(9),0.423945,0.0,5875000.0,(1),1.75481,(4),none
