Rank by Integral,Energy (eV),Rank by Energy,TOF (us),Integral,Peak Width,Rank by Peak Width,Peak Height,Rank by Peak Height,Relevant Isotope
0,107200.0,(0),5.17932,494350.0,105697.0,(0),1.43907,(4),none
1,353545.0,(3),2.85199,111628.0,37693.0,(1),0.0506576,(6),none
2,430418.0,(5),2.58479,103252.0,33717.0,(2),1.99357,(2),none
3,462426.0,(6),2.49373,83923.3,27441.0,(5),1.49977,(3),none
4,291895.0,(1),3.13875,52943.6,33039.0,(3),0.0165402,(7),none
5,381579.0,(4),2.74522,48044.8,29726.0,(4),2.63658,(1),none
6,469992.0,(7),2.47357,11944.2,6213.0,(7),0.191971,(5),none
7,314030.0,(2),3.02611,11643.1,8561.0,(6),3.88684,(0),none
