Rank by Integral,Energy (eV),Rank by Energy,TOF (us),Integral,Peak Width,Rank by Peak Width,Peak Height,Rank by Peak Height,Relevant Isotope
0,51345.3,(2),7.48375,51285.9,27341.5,(2),0.490687,(6),none
1,126464.0,(5),4.76855,42756.2,47028.1,(1),0.869251,(4),none
2,76903.6,(4),6.115,34967.8,22445.1,(3),0.911636,(3),none
3,13357.7,(0),14.6725,32732.7,13422.1,(4),1.57572,(1),none
4,219533.0,(6),3.61926,32601.5,88230.0,(0),0.844952,(5),none
5,23712.4,(1),11.0124,23881.1,10249.2,(5),1.41459,(2),none
6,53033.6,(3),7.36367,3022.64,980.0,(6),3.41574,(0),none
