Rank by Integral,Energy (eV),Rank by Energy,TOF (us),Integral,Peak Width,Rank by Peak Width,Peak Height,Rank by Peak Height,Relevant Isotope
0,3722.73,(1),27.0807,66655.1,3847.52,(4),0.000742584,(3),none
1,333.717,(0),90.4485,7711.12,395.914,(7),0.0561829,(0),none
2,21272.4,(5),11.3288,6663.19,5236.9,(2),0.000245486,(5),none
3,10747.8,(2),15.9379,2551.54,9285.17,(1),0.000305272,(4),none
4,15705.9,(3),13.1844,1555.16,1525.8,(5),0.000994667,(2),none
5,16646.3,(4),12.8065,1494.11,756.5,(6),0.00297952,(1),none
6,204450.0,(6),3.65424,53.7952,4792.0,(3),8.39145e-05,(7),none
7,269773.0,(7),3.1812,12.9419,16147.0,(0),9.2314e-05,(6),none
