Rank by Integral,Energy (eV),Rank by Energy,TOF (us),Integral,Peak Width,Rank by Peak Width,Peak Height,Rank by Peak Height,Relevant Isotope
0,3722.73,(1),27.0807,43974.9,3847.52,(4),0.000780756,(2),['17-Cl-35_n-g']
1,20779.8,(4),11.4623,4773.54,5236.9,(2),0.000314172,(4),['17-Cl-35_n-g']
2,333.717,(0),90.4485,1512.57,395.914,(6),0.0433781,(0),['17-Cl-35_n-g']
3,16646.3,(3),12.8065,760.659,756.5,(5),0.00236574,(1),['17-Cl-35_n-g']
4,11645.2,(2),15.3115,285.816,6419.2,(1),0.00036788,(3),['17-Cl-37_n-g']
5,204450.0,(5),3.65424,30.3436,4790.0,(3),6.86717e-05,(6),['17-Cl-35_n-g']
6,270286.0,(6),3.17818,21.0599,12093.0,(0),7.36706e-05,(5),['17-Cl-37_n-g']
