Rank by Integral,Energy (eV),Rank by Energy,TOF (us),Integral,Peak Width,Rank by Peak Width,Peak Height,Rank by Peak Height,Relevant Isotope
0,275016.0,(1),3.23363,749940.0,140143.0,(0),1.62762,(1),none
1,368463.0,(2),2.79366,390334.0,94020.0,(1),1.57722,(3),none
2,433817.0,(4),2.57464,109572.0,31970.0,(2),1.7041,(0),none
3,413784.0,(3),2.63623,48191.5,11590.0,(3),1.56916,(4),none
4,160505.0,(0),4.23278,8915.64,2907.0,(4),0.00316362,(5),none
