Rank by Integral,Energy (eV),Rank by Energy,TOF (us),Integral,Peak Width,Rank by Peak Width,Peak Height,Rank by Peak Height,Relevant Isotope
0,20000000.0,(7),0.379188,25837000.0,37500000.0,(0),2.1532,(0),none
1,160505.0,(0),4.23278,3014520.0,161481.0,(1),0.00316362,(7),none
2,275016.0,(1),3.23363,1658480.0,141874.0,(2),1.62762,(2),none
3,368463.0,(2),2.79366,1043250.0,97535.0,(3),1.57722,(5),none
4,433817.0,(4),2.57464,322155.0,34973.0,(5),1.7041,(1),none
5,499907.0,(5),2.39842,160852.0,49866.0,(4),1.6223,(3),none
6,413784.0,(3),2.63623,153108.0,13818.0,(6),1.56916,(6),none
7,500000.0,(6),2.3982,113.846,187.0,(7),1.6221,(4),none
