Rank by Integral,Energy (eV),Rank by Energy,TOF (us),Integral,Peak Width,Rank by Peak Width,Peak Height,Rank by Peak Height,Relevant Isotope
0,44941.7,(5),7.7941,5197.14,4113.3,(2),0.000135467,(3),['20-Ca-40_n-g']
1,19581.7,(2),11.8077,337.321,874.5,(6),0.000573248,(0),['20-Ca-40_n-g']
2,71384.7,(6),6.18427,183.352,10098.1,(0),7.6693e-05,(6),['20-Ca-40_n-g']
3,39976.1,(4),8.264,45.3394,4256.0,(1),0.000123257,(4),['20-Ca-40_n-g']
4,9803.54,(0),16.6878,28.507,1133.83,(5),0.000448089,(1),['20-Ca-42_n-g']
5,17215.3,(1),12.5931,6.69229,2684.9,(4),0.000239373,(2),['20-Ca-43_n-g']
6,33108.0,(3),9.0808,4.68637,3018.1,(3),0.000115992,(5),['20-Ca-40_n-g']
