Rank by Integral,Energy (eV),Rank by Energy,TOF (us),Integral,Peak Width,Rank by Peak Width,Peak Height,Rank by Peak Height,Relevant Isotope
0,33436.9,(3),9.03603,43713.4,14082.6,(2),0.000102507,(4),none
1,17215.3,(1),12.5931,42354.1,8484.4,(3),0.000236259,(2),none
2,9429.5,(0),17.0156,17220.1,3873.91,(6),0.00042613,(1),none
3,38787.5,(4),8.38967,9600.08,7532.2,(4),8.70714e-05,(5),none
4,19546.4,(2),11.8184,3090.1,1079.7,(7),0.00053209,(0),none
5,50646.8,(5),7.34201,498.914,6316.2,(5),6.1921e-05,(6),none
6,69900.8,(6),6.24956,346.76,17242.6,(1),4.89753e-05,(7),none
7,193955.0,(7),3.7518,335.86,18759.0,(0),0.000109067,(3),none
