Rank by Integral,Energy (eV),Rank by Energy,TOF (us),Integral,Peak Width,Rank by Peak Width,Peak Height,Rank by Peak Height,Relevant Isotope
0,11498.5,(0),15.4088,510.966,12157.4,(0),0.000396526,(0),none
1,19694.6,(2),11.7738,321.637,7872.2,(1),0.000240558,(3),none
2,25295.0,(3),10.389,190.136,4030.1,(2),0.000256898,(2),none
3,13186.5,(1),14.3888,151.465,2873.9,(3),0.000361224,(1),none
