Rank by Integral,Energy (eV),Rank by Energy,TOF (us),Integral,Peak Width,Rank by Peak Width,Peak Height,Rank by Peak Height,Relevant Isotope
0,500000.0,(5),2.3982,14132100.0,92149.0,(2),1.6221,(2),none
1,160505.0,(0),4.23278,206590.0,161010.0,(0),0.00316362,(5),none
2,275016.0,(1),3.23363,75769.8,132894.0,(1),1.62762,(1),none
3,368463.0,(2),2.79366,57341.6,86566.0,(3),1.57722,(3),none
4,433817.0,(4),2.57464,20620.8,29136.0,(4),1.7041,(0),none
5,413784.0,(3),2.63623,13202.0,9710.0,(5),1.56916,(4),none
