Rank by Integral,Energy (eV),Rank by Energy,TOF (us),Integral,Peak Width,Rank by Peak Width,Peak Height,Rank by Peak Height,Relevant Isotope
0,11062.8,(0),16.1227,33041.1,1588.4,(3),243.483,(0),none
1,42850.0,(3),8.19208,15183.8,863.2,(4),123.493,(4),none
2,12320.0,(1),15.2779,6187.44,807.2,(5),194.861,(1),none
3,35220.0,(2),9.03598,4775.92,1642.6,(2),120.23,(5),none
4,47400.0,(4),7.78898,0.0,2502.3,(1),123.695,(3),none
5,49370.0,(5),7.632,0.0,3427.7,(0),128.119,(2),none
