Rank by Integral,Energy (eV),Rank by Energy,TOF (us),Integral,Peak Width,Rank by Peak Width,Peak Height,Rank by Peak Height,Relevant Isotope
0,1125.0,(0),49.2623,477.306,3394.87,(1),0.00405192,(0),none
1,6400.49,(1),20.653,57.9049,2809.57,(2),0.00297117,(1),none
2,15421.8,(4),13.3053,51.2661,2243.2,(3),0.00064133,(2),none
3,14229.9,(3),13.8513,21.6983,768.9,(5),0.000620172,(3),none
4,48306.1,(5),7.51778,13.8521,3712.3,(0),0.000401038,(5),none
5,13575.0,(2),14.1815,5.52791,782.0,(4),0.000589363,(4),none
