Rank by Integral,Energy (eV),Rank by Energy,TOF (us),Integral,Peak Width,Rank by Peak Width,Peak Height,Rank by Peak Height,Relevant Isotope
0,11062.8,(0),16.1227,7807.75,103.3,(2),243.483,(0),none
1,42850.0,(3),8.19208,4126.36,106.8,(1),123.493,(4),none
2,47400.0,(4),7.78898,4096.72,113.3,(0),123.695,(3),none
3,49370.0,(5),7.632,1922.62,56.1,(3),128.119,(2),none
4,12320.0,(1),15.2779,1703.86,26.8,(5),194.861,(1),none
5,35220.0,(2),9.03598,1199.49,31.0,(4),120.23,(5),none
