Rank by Integral,Energy (eV),Rank by Energy,TOF (us),Integral,Peak Width,Rank by Peak Width,Peak Height,Rank by Peak Height,Relevant Isotope
0,1447.28,(0),43.4325,531.543,1623.46,(3),0.0139892,(0),['24-Cr-53_n-g']
1,21450.1,(1),11.2817,149.931,2240.3,(1),0.000878973,(3),['24-Cr-53_n-g']
2,61768.7,(5),6.64824,78.3241,3134.3,(0),0.000593263,(5),['24-Cr-50_n-g']
3,34147.1,(4),8.94157,75.9468,385.7,(6),0.00090558,(2),['24-Cr-52_n-g']
4,32928.5,(3),9.10552,39.9534,1316.1,(4),0.000770402,(4),['24-Cr-53_n-g']
5,151922.0,(6),4.23917,21.1372,2053.0,(2),0.00048665,(6),['24-Cr-52_n-g']
6,24481.2,(2),10.5603,1.67791,502.9,(5),0.000929263,(1),['24-Cr-53_n-g']
