Rank by Integral,Energy (eV),Rank by Energy,TOF (us),Integral,Peak Width,Rank by Peak Width,Peak Height,Rank by Peak Height,Relevant Isotope
0,1410.62,(0),43.9932,11583.8,1623.46,(6),0.00365589,(1),none
1,20736.6,(1),11.4742,3232.7,3573.5,(4),0.000589373,(2),none
2,29108.9,(3),9.68451,3025.87,4014.8,(3),0.000484215,(6),none
3,26398.1,(2),10.1696,1425.04,2723.3,(5),0.000502839,(5),none
4,36027.7,(5),8.70507,1275.43,10859.9,(0),0.000445396,(7),none
5,151922.0,(8),4.23917,979.334,9527.0,(2),0.000441737,(8),none
6,64977.9,(7),6.48198,579.149,10374.5,(1),0.000516173,(4),none
7,48079.2,(6),7.5355,120.495,283.2,(8),0.00522705,(0),none
8,34147.1,(4),8.94157,105.486,385.0,(7),0.000588748,(3),none
