Rank by Integral,Energy (eV),Rank by Energy,TOF (us),Integral,Peak Width,Rank by Peak Width,Peak Height,Rank by Peak Height,Relevant Isotope
0,1151.0,(0),48.7027,48.3602,0.74,(5),205.842,(0),none
1,96630.0,(10),5.31538,20.116,4.9,(0),11.6582,(10),none
2,34234.0,(2),8.93021,18.8061,2.9,(2),23.1608,(3),none
3,92708.0,(8),5.42665,15.0198,3.9,(1),11.7402,(9),none
4,72988.0,(7),6.11596,14.3036,2.6,(4),18.6445,(5),none
5,92928.0,(9),5.42023,11.5545,2.7,(3),13.4189,(7),none
