Rank by Integral,Energy (eV),Rank by Energy,TOF (us),Integral,Peak Width,Rank by Peak Width,Peak Height,Rank by Peak Height,Relevant Isotope
0,10447.4,(1),16.5907,87219.3,1208.7,(2),257.096,(0),none
1,44452.3,(4),8.04308,4127.27,1534.5,(0),60.6063,(6),none
2,54530.4,(6),7.2619,3049.98,330.2,(3),57.7159,(7),none
3,37670.2,(3),8.73717,2951.05,159.0,(6),66.6603,(4),none
4,61712.2,(7),6.82628,2593.96,172.5,(5),76.0585,(3),none
5,142958.0,(8),4.48503,2239.93,189.0,(4),50.7232,(8),none
6,26083.6,(2),10.4999,1016.36,78.4,(7),61.9401,(5),none
7,358.945,(0),89.5067,146.003,7.367,(8),100.175,(1),none
8,45848.8,(5),7.91965,0.0,1399.5,(1),76.6892,(2),none
