Rank by Integral,Energy (eV),Rank by Energy,TOF (us),Integral,Peak Width,Rank by Peak Width,Peak Height,Rank by Peak Height,Relevant Isotope
0,27923.2,(1),10.1482,47652.3,1603.9,(0),96.5512,(3),none
1,52139.7,(4),7.42652,656.547,20.6,(3),105.253,(2),none
2,90338.0,(8),5.64202,489.475,26.4,(2),63.9892,(7),none
3,102698.0,(9),5.29162,463.79,32.0,(1),55.2585,(8),none
4,80842.0,(7),5.96419,462.5,15.2,(4),95.3871,(4),none
5,46053.5,(3),7.90203,223.058,6.4,(5),116.19,(1),none
6,59232.0,(5),6.96773,163.311,6.1,(6),86.7033,(5),none
7,1151.0,(0),49.9841,53.5696,0.74,(7),237.069,(0),none
