Rank by Integral,Energy (eV),Rank by Energy,TOF (us),Integral,Peak Width,Rank by Peak Width,Peak Height,Rank by Peak Height,Relevant Isotope
0,44452.3,(4),8.04308,35454.7,3452.8,(0),60.6063,(6),none
1,10447.4,(1),16.5907,28339.5,368.1,(1),257.096,(0),none
2,37670.2,(3),8.73717,1212.88,56.3,(4),66.6603,(4),none
3,54530.4,(6),7.2619,1076.28,70.1,(2),57.7159,(7),none
4,61712.2,(7),6.82628,1045.25,43.0,(5),76.0585,(3),none
5,142958.0,(8),4.48503,876.77,58.0,(3),50.7232,(8),none
6,26083.6,(2),10.4999,372.425,18.2,(7),61.9401,(5),none
7,45848.8,(5),7.91965,237.894,22.1,(6),76.6892,(2),none
8,358.945,(0),89.5067,58.1762,1.742,(8),100.175,(1),none
