Rank by Integral,Energy (eV),Rank by Energy,TOF (us),Integral,Peak Width,Rank by Peak Width,Peak Height,Rank by Peak Height,Relevant Isotope
0,578.033,(1),68.7249,149.454,2.023,(6),296.268,(0),['29-Cu-63_n-g']
1,2646.9,(4),32.116,45.5132,5.35,(3),34.8562,(1),['29-Cu-63_n-g']
2,5817.93,(6),21.6624,21.1407,9.81,(1),8.81868,(4),['29-Cu-63_n-g']
3,4395.99,(5),24.9208,20.8105,6.93,(2),11.0007,(3),['29-Cu-63_n-g']
4,8350.09,(7),18.0819,20.5835,12.11,(0),5.19123,(7),['29-Cu-63_n-g']
5,230.044,(0),108.939,16.686,1.487,(7),30.9653,(2),['29-Cu-65_n-g']
6,650.722,(2),64.7728,6.37904,2.282,(5),8.2294,(5),['29-Cu-63_n-g']
7,994.34,(3),52.399,6.03584,2.826,(4),6.03821,(6),['29-Cu-63_n-g']
