Rank by Integral,Energy (eV),Rank by Energy,TOF (us),Integral,Peak Width,Rank by Peak Width,Peak Height,Rank by Peak Height,Relevant Isotope
0,4170.0,(1),25.5872,121.07,20.91,(0),20.3113,(2),none
1,5199.0,(2),22.9156,69.8042,6.23,(7),29.2711,(1),none
2,13943.0,(5),13.9931,48.4864,9.9,(4),13.3205,(12),none
3,8790.0,(4),17.6237,43.883,7.58,(5),16.0239,(4),none
4,20159.0,(8),11.6374,43.256,12.4,(1),9.07524,(26),none
5,16990.0,(6),12.6763,41.4232,11.2,(3),9.76076,(23),none
6,8411.0,(3),18.0164,39.7587,7.28,(6),15.2842,(7),none
7,18436.0,(7),12.1691,39.5379,11.5,(2),9.28247,(25),none
8,281.0,(0),98.5684,32.5689,1.531,(8),58.264,(0),none
