Rank by Integral,Energy (eV),Rank by Energy,TOF (us),Integral,Peak Width,Rank by Peak Width,Peak Height,Rank by Peak Height,Relevant Isotope
0,2200000.0,(5),1.1433,4963320.0,5753240.0,(0),3.41145,(1),none
1,2792.5,(0),32.0903,1222380.0,2858.0,(1),0.0782741,(4),none
2,5994.54,(4),21.9024,212208.0,968.74,(3),11.0686,(0),none
3,4626.09,(3),24.9323,208169.0,858.51,(4),0.0150754,(5),none
4,4163.59,(2),26.2806,161538.0,1118.83,(2),1.54194,(2),none
5,3042.97,(1),30.7412,98983.7,192.82,(5),1.52354,(3),none
