Rank by Integral,Energy (eV),Rank by Energy,TOF (us),Integral,Peak Width,Rank by Peak Width,Peak Height,Rank by Peak Height,Relevant Isotope
0,2792.5,(0),32.0903,141693.0,852.93,(2),0.0782741,(3),none
1,5994.54,(4),21.9024,97929.3,919.79,(0),11.0686,(0),none
2,4626.09,(3),24.9323,62202.3,673.16,(3),0.0150754,(4),none
3,3042.97,(1),30.7412,43270.5,185.34,(4),1.52354,(2),none
4,4163.59,(2),26.2806,2367.34,884.58,(1),1.54194,(1),none
