Rank by Integral,Energy (eV),Rank by Energy,TOF (us),Integral,Peak Width,Rank by Peak Width,Peak Height,Rank by Peak Height,Relevant Isotope
0,4765.11,(1),24.5659,78613.6,4211.84,(3),0.209759,(2),none
1,14071.8,(3),14.2954,68034.1,7905.04,(0),0.0451016,(4),none
2,28241.7,(7),10.0908,52891.8,5823.1,(1),0.0281042,(5),none
3,20926.4,(5),11.7226,52790.0,5534.0,(2),0.0495427,(3),none
4,545.042,(0),72.6365,23548.2,549.021,(7),2.02297,(0),none
5,6164.26,(2),21.5988,15999.5,1350.48,(5),0.421445,(1),none
6,22285.2,(6),11.3596,14368.2,1382.2,(4),0.0040591,(7),none
7,14890.1,(4),13.897,11861.5,806.7,(6),0.00913593,(6),none
