Rank by Integral,Energy (eV),Rank by Energy,TOF (us),Integral,Peak Width,Rank by Peak Width,Peak Height,Rank by Peak Height,Relevant Isotope
0,2200000.0,(8),1.1433,8552730.0,7009150.0,(0),3.48939,(0),none
1,4765.11,(1),24.5659,3564420.0,4235.2,(2),0.209759,(3),none
2,28241.7,(7),10.0908,651954.0,6944.8,(1),0.0281042,(6),none
3,22285.2,(6),11.3596,175680.0,1648.8,(3),0.0040591,(8),none
4,14890.1,(4),13.897,152516.0,954.3,(4),0.00913593,(7),none
5,545.042,(0),72.6365,116826.0,179.921,(7),2.02297,(1),none
6,14071.8,(3),14.2954,17867.4,236.2,(5),0.0451016,(5),none
7,6164.26,(2),21.5988,14513.4,142.83,(8),0.421445,(2),none
8,20926.4,(5),11.7226,10732.2,228.1,(6),0.0495427,(4),none
