Rank by Integral,Energy (eV),Rank by Energy,TOF (us),Integral,Peak Width,Rank by Peak Width,Peak Height,Rank by Peak Height,Relevant Isotope
0,20926.4,(5),11.7226,365013.0,5861.2,(1),0.0495427,(3),none
1,28241.7,(7),10.0908,272876.0,6495.1,(0),0.0281042,(5),none
2,22285.2,(6),11.3596,69623.3,1537.0,(2),0.0040591,(7),none
3,14890.1,(4),13.897,62405.5,895.2,(4),0.00913593,(6),none
4,14071.8,(3),14.2954,54812.0,1514.0,(3),0.0451016,(4),none
5,4765.11,(1),24.5659,4491.84,65.53,(5),0.209759,(2),none
6,545.042,(0),72.6365,3101.93,12.689,(7),2.02297,(0),none
7,6164.26,(2),21.5988,1561.68,37.37,(6),0.421445,(1),none
