Rank by Integral,Energy (eV),Rank by Energy,TOF (us),Integral,Peak Width,Rank by Peak Width,Peak Height,Rank by Peak Height,Relevant Isotope
0,1562.5,(0),41.8004,59537.8,2857.81,(0),0.00110635,(4),none
1,3645.69,(2),27.3653,34686.3,1118.95,(1),0.00205029,(3),none
2,2982.74,(1),30.254,6290.2,192.96,(4),0.031045,(0),none
3,4246.42,(3),25.3559,4971.49,854.38,(3),0.00449825,(1),none
4,5992.72,(4),21.3441,584.943,974.0,(2),0.00224892,(2),none
