Rank by Integral,Energy (eV),Rank by Energy,TOF (us),Integral,Peak Width,Rank by Peak Width,Peak Height,Rank by Peak Height,Relevant Isotope
0,210.869,(1),116.779,5096660.0,244.4,(3),1.1295,(7),none
1,2293.18,(6),35.412,534191.0,556.63,(1),2.00063,(4),none
2,11.25,(0),505.584,471062.0,27.0852,(7),9.66272,(1),none
3,1007.54,(2),53.4243,111665.0,127.224,(4),1.17414,(6),none
4,2595.37,(7),33.2867,81010.5,296.69,(2),11.3579,(0),none
5,1686.32,(5),41.2952,80984.4,116.32,(5),0.325593,(8),none
6,1374.29,(3),45.7436,30743.0,72.91,(6),1.85381,(5),none
7,1620.09,(4),42.1308,1287.52,25.09,(8),3.72394,(2),none
8,3929360.0,(8),0.855478,0.0,4368770.0,(0),3.68081,(3),none
