Rank by Integral,Energy (eV),Rank by Energy,TOF (us),Integral,Peak Width,Rank by Peak Width,Peak Height,Rank by Peak Height,Relevant Isotope
0,1687.5,(0),40.2225,26559.5,3626.73,(2),0.00014407,(4),none
1,4529.36,(1),24.5512,20366.3,2668.12,(4),0.000342884,(1),none
2,10551.3,(3),16.0856,4850.0,4409.41,(0),0.000178186,(3),none
3,8871.67,(2),17.5424,3553.98,2899.17,(3),0.000233219,(2),none
4,24684.9,(4),10.5166,2093.74,3647.6,(1),0.00166443,(0),none
