Rank by Integral,Energy (eV),Rank by Energy,TOF (us),Integral,Peak Width,Rank by Peak Width,Peak Height,Rank by Peak Height,Relevant Isotope
0,22536.9,(4),11.2959,462832.0,8081.7,(0),0.134633,(4),none
1,9469.56,(2),17.4263,274816.0,2896.25,(3),5.22168,(1),none
2,26414.4,(5),10.434,158569.0,3766.2,(1),0.169536,(3),none
3,29984.1,(6),9.79319,72163.3,3388.3,(2),6.65581,(0),none
4,6380.47,(1),21.2297,46407.6,585.38,(6),0.0201577,(5),none
5,14081.6,(3),14.2904,41322.8,1173.9,(5),0.00848656,(6),none
6,3550.4,(0),28.4598,12601.1,1627.26,(4),4.45766,(2),none
