Rank by Integral,Energy (eV),Rank by Energy,TOF (us),Integral,Peak Width,Rank by Peak Width,Peak Height,Rank by Peak Height,Relevant Isotope
0,118.75,(1),151.626,641629.0,166.326,(4),0.332573,(1),none
1,757.813,(2),60.0219,92411.3,731.081,(0),0.0234751,(5),none
2,1229.97,(3),47.1133,29631.2,353.1,(2),0.0273281,(4),none
3,2113.27,(6),35.9429,14535.4,548.88,(1),0.0123541,(6),none
4,1512.09,(4),42.4915,12773.1,240.54,(3),0.0365927,(3),none
5,1652.96,(5),40.6405,2520.59,108.59,(5),0.154039,(2),none
6,6.25,(0),660.923,87.6004,16.1562,(6),5.013,(0),none
