Rank by Integral,Energy (eV),Rank by Energy,TOF (us),Integral,Peak Width,Rank by Peak Width,Peak Height,Rank by Peak Height,Relevant Isotope
0,118.75,(1),151.626,2295140.0,244.308,(4),0.332573,(1),none
1,757.813,(2),60.0219,288034.0,757.38,(0),0.0234751,(5),none
2,6.25,(0),660.923,275555.0,27.0852,(7),5.013,(0),none
3,1229.97,(3),47.1133,68005.0,356.9,(2),0.0273281,(4),none
4,2113.27,(6),35.9429,32885.3,556.85,(1),0.0123541,(6),none
5,1512.09,(4),42.4915,30975.5,243.98,(5),0.0365927,(3),none
6,2594.22,(7),32.4405,12097.0,297.0,(3),0.00351676,(7),none
7,1652.96,(5),40.6405,6119.88,115.76,(6),0.154039,(2),none
