Rank by Integral,Energy (eV),Rank by Energy,TOF (us),Integral,Peak Width,Rank by Peak Width,Peak Height,Rank by Peak Height,Relevant Isotope
0,210.869,(1),116.779,2172290.0,241.323,(1),1.1295,(6),none
1,2595.37,(7),33.2867,39258.4,292.66,(0),11.3579,(0),none
2,1686.32,(5),41.2952,21794.7,85.23,(3),0.325593,(7),none
3,1007.54,(2),53.4243,20930.9,58.3,(4),1.17414,(5),none
4,1374.29,(3),45.7436,4867.68,29.72,(5),1.85381,(4),none
5,2293.18,(6),35.412,2997.33,28.41,(6),2.00063,(3),none
6,1620.09,(4),42.1308,2517.0,121.47,(2),3.72394,(2),none
7,11.25,(0),505.584,87.0855,17.3477,(7),9.66272,(1),none
