Rank by Integral,Energy (eV),Rank by Energy,TOF (us),Integral,Peak Width,Rank by Peak Width,Peak Height,Rank by Peak Height,Relevant Isotope
0,3407580.0,(7),0.918643,16008500.0,8379260.0,(0),3.67419,(3),none
1,22536.9,(4),11.2959,1142730.0,8213.8,(1),0.134633,(5),none
2,6380.47,(1),21.2297,634780.0,2951.38,(6),0.0201577,(6),none
3,9469.56,(2),17.4263,563354.0,2925.07,(7),5.22168,(1),none
4,26414.4,(5),10.434,375289.0,3847.3,(2),0.169536,(4),none
5,14081.6,(3),14.2904,275148.0,3163.4,(5),0.00848656,(7),none
6,29984.1,(6),9.79319,153115.0,3441.2,(4),6.65581,(0),none
7,3550.4,(0),28.4598,126071.0,3629.87,(3),4.45766,(2),none
