Rank by Integral,Energy (eV),Rank by Energy,TOF (us),Integral,Peak Width,Rank by Peak Width,Peak Height,Rank by Peak Height,Relevant Isotope
0,7705.74,(8),18.8228,57290.6,2029.96,(1),0.000672734,(8),none
1,562.5,(0),69.6674,53381.9,1469.95,(2),0.00559502,(6),none
2,1518.35,(1),42.4038,11794.6,498.43,(3),0.0243004,(3),none
3,5494.66,(6),22.2905,10406.3,419.82,(6),0.0216143,(4),none
4,3157.01,(2),29.4071,9989.63,2298.37,(0),0.00516323,(7),none
5,5991.44,(7),21.3464,9978.98,459.89,(4),0.00598057,(5),none
6,4572.63,(3),24.4347,5035.98,449.84,(5),0.0390426,(2),none
7,4839.59,(4),23.7512,3939.27,377.68,(7),0.0503535,(1),none
8,5215.68,(5),22.8789,2690.48,140.0,(8),0.175559,(0),none
