Rank by Integral,Energy (eV),Rank by Energy,TOF (us),Integral,Peak Width,Rank by Peak Width,Peak Height,Rank by Peak Height,Relevant Isotope
0,4529.36,(1),24.5512,462.962,2812.07,(3),0.000342884,(1),none
1,24684.9,(4),10.5166,333.536,3514.1,(2),0.00166443,(0),none
2,1687.5,(0),40.2225,326.312,3609.78,(1),0.00014407,(4),none
3,8871.67,(2),17.5424,128.065,2785.81,(4),0.000233219,(2),none
4,10551.3,(3),16.0856,104.763,4627.12,(0),0.000178186,(3),none
