Rank by Integral,Energy (eV),Rank by Energy,TOF (us),Integral,Peak Width,Rank by Peak Width,Peak Height,Rank by Peak Height,Relevant Isotope
0,31670.2,(4),9.28464,121.179,8844.1,(0),2.20429e-05,(1),none
1,23091.6,(2),10.8734,111.918,6501.1,(2),1.56815e-05,(2),none
2,26513.3,(3),10.1475,91.2725,1962.6,(4),7.49045e-05,(0),none
3,12569.2,(1),14.7379,46.8678,7494.0,(1),5.344e-06,(3),none
4,7804.07,(0),18.7038,30.4931,5988.11,(3),3.56654e-06,(4),none
