Rank by Integral,Energy (eV),Rank by Energy,TOF (us),Integral,Peak Width,Rank by Peak Width,Peak Height,Rank by Peak Height,Relevant Isotope
0,3521920.0,(4),0.903608,5990920.0,7370520.0,(0),3.65119,(1),none
1,897.249,(2),56.6126,767942.0,476.085,(1),0.493914,(4),none
2,87.0117,(0),181.795,333730.0,54.4135,(4),2.29654,(3),none
3,997.898,(3),53.6817,70155.8,72.92,(3),9.58044,(0),none
4,443.324,(1),80.5395,43906.3,76.607,(2),2.88737,(2),none
