Rank by Integral,Energy (eV),Rank by Energy,TOF (us),Integral,Peak Width,Rank by Peak Width,Peak Height,Rank by Peak Height,Relevant Isotope
0,796.27,(3),58.5545,18751.2,253.057,(1),0.0141353,(2),none
1,800.0,(4),58.4179,18751.2,253.057,(2),0.0134745,(3),none
2,278.334,(1),99.0393,2863.37,336.204,(0),0.0127428,(4),none
3,522.556,(2),72.281,1679.66,179.889,(3),0.0444144,(1),none
4,53.125,(0),226.695,1313.89,106.436,(4),0.08155,(0),none
