Rank by Integral,Energy (eV),Rank by Energy,TOF (us),Integral,Peak Width,Rank by Peak Width,Peak Height,Rank by Peak Height,Relevant Isotope
0,23091.6,(2),10.8734,7396.47,6583.2,(2),1.56815e-05,(2),none
1,31670.2,(4),9.28464,6830.19,9064.8,(0),2.20429e-05,(1),none
2,7804.07,(0),18.7038,5091.41,6004.64,(3),3.56654e-06,(4),none
3,26513.3,(3),10.1475,3577.12,2005.7,(4),7.49045e-05,(0),none
4,12569.2,(1),14.7379,2912.19,7584.2,(1),5.344e-06,(3),none
