Rank by Integral,Energy (eV),Rank by Energy,TOF (us),Integral,Peak Width,Rank by Peak Width,Peak Height,Rank by Peak Height,Relevant Isotope
0,278.334,(1),99.0393,371402.0,342.457,(0),0.0127428,(4),none
1,53.125,(0),226.695,98600.6,108.383,(3),0.08155,(0),none
2,522.556,(2),72.281,86966.8,189.046,(1),0.0444144,(1),none
3,796.27,(3),58.5545,22983.5,159.042,(2),0.0141353,(2),none
4,800.0,(4),58.4179,0.220762,0.233,(4),0.0134745,(3),none
