Rank by Integral,Energy (eV),Rank by Energy,TOF (us),Integral,Peak Width,Rank by Peak Width,Peak Height,Rank by Peak Height,Relevant Isotope
0,3000000.0,(5),0.97906,13252000.0,6850000.0,(0),3.77639,(3),none
1,617.62,(2),68.2353,356487.0,189.085,(1),0.857884,(5),none
2,797.203,(3),60.06,158087.0,158.84,(3),7.64134,(0),none
3,99.8047,(0),169.744,119181.0,108.383,(4),5.43395,(2),none
4,442.881,(1),80.5798,95057.6,165.222,(2),2.52144,(4),none
5,800.0,(4),59.9549,1.8912,0.233,(5),7.60667,(1),none
