Rank by Integral,Energy (eV),Rank by Energy,TOF (us),Integral,Peak Width,Rank by Peak Width,Peak Height,Rank by Peak Height,Relevant Isotope
0,797.203,(3),60.06,162001.0,252.416,(1),7.64134,(0),none
1,800.0,(4),59.9549,162001.0,252.416,(2),7.60667,(1),none
2,617.62,(2),68.2353,15913.7,181.311,(3),0.857884,(4),none
3,442.881,(1),80.5798,12615.2,337.315,(0),2.52144,(3),none
4,99.8047,(0),169.744,4234.01,107.082,(4),5.43395,(2),none
