Rank by Integral,Energy (eV),Rank by Energy,TOF (us),Integral,Peak Width,Rank by Peak Width,Peak Height,Rank by Peak Height,Relevant Isotope
0,4500000.0,(5),0.799399,56824000.0,27900000.0,(0),3.82817,(3),none
1,414.461,(1),83.2967,794489.0,230.858,(3),1.5347,(5),none
2,799.843,(2),59.9608,401138.0,380.886,(2),4.7212,(2),none
3,181.346,(0),125.926,170839.0,70.57,(4),1.65503,(4),none
4,7000.0,(4),20.2685,129686.0,89000.0,(1),6.75616,(0),none
5,818.009,(3),59.2913,879.913,17.486,(5),6.34802,(1),none
