Rank by Integral,Energy (eV),Rank by Energy,TOF (us),Integral,Peak Width,Rank by Peak Width,Peak Height,Rank by Peak Height,Relevant Isotope
0,6000000.0,(6),0.6923,7527830.0,9315660.0,(0),3.8664,(4),none
1,25000.0,(5),10.7251,458633.0,99050.0,(1),6.10932,(0),none
2,861.928,(3),57.7609,125547.0,372.299,(2),2.82398,(6),none
3,487.819,(2),76.7786,14154.8,45.689,(3),4.39205,(2),none
4,444.683,(1),80.4164,6609.88,42.786,(4),3.61007,(5),none
5,898.083,(4),56.5863,5702.32,33.959,(5),5.64075,(1),none
6,289.65,(0),99.6398,2546.66,23.978,(6),4.38226,(3),none
