Rank by Integral,Energy (eV),Rank by Energy,TOF (us),Integral,Peak Width,Rank by Peak Width,Peak Height,Rank by Peak Height,Relevant Isotope
0,554.961,(5),70.139,27660.5,397.278,(1),0.00145445,(5),none
1,1273.67,(6),46.298,23603.1,810.732,(0),0.000222636,(7),none
2,162.5,(1),129.618,7180.6,242.511,(2),0.00200671,(4),none
3,1666.72,(7),40.4724,1718.92,123.54,(3),0.00137314,(6),none
4,23.4126,(0),341.48,1201.87,44.9847,(4),0.00765034,(3),none
5,346.762,(4),88.7309,869.587,13.897,(7),0.216859,(0),none
6,314.913,(3),93.1098,254.045,35.322,(5),0.0174435,(1),none
7,296.522,(2),95.9538,64.2461,17.5,(6),0.0103177,(2),none
