Rank by Integral,Energy (eV),Rank by Energy,TOF (us),Integral,Peak Width,Rank by Peak Width,Peak Height,Rank by Peak Height,Relevant Isotope
0,1700.07,(7),41.1279,9829.96,123.5,(1),4.71668,(0),none
1,759.249,(5),61.5429,9568.6,28.765,(4),0.256072,(8),none
2,351.537,(4),90.4449,6417.8,13.919,(6),0.559645,(7),none
3,36.9626,(0),278.926,848.563,31.766,(3),4.55032,(1),none
4,1579.83,(6),42.6643,671.884,10.92,(8),0.784456,(6),none
5,286.361,(1),100.21,93.6221,66.246,(2),3.64008,(3),none
6,1996.18,(8),37.9551,92.0251,225.68,(0),4.44243,(2),none
7,305.1,(2),97.0842,64.4853,17.5,(5),3.39632,(4),none
8,341.977,(3),91.7004,63.1156,12.472,(7),1.83105,(5),none
