Rank by Integral,Energy (eV),Rank by Energy,TOF (us),Integral,Peak Width,Rank by Peak Width,Peak Height,Rank by Peak Height,Relevant Isotope
0,682.923,(3),63.2273,18832.4,370.616,(0),0.00084551,(4),none
1,193.75,(0),118.705,13746.7,291.702,(1),0.00202933,(3),none
2,358.278,(1),87.2932,13092.2,154.034,(2),0.00298451,(2),none
3,470.095,(2),76.2075,2971.41,44.3,(3),0.0341362,(0),none
4,897.356,(4),55.158,848.347,32.497,(4),0.0130147,(1),none
