Rank by Integral,Energy (eV),Rank by Energy,TOF (us),Integral,Peak Width,Rank by Peak Width,Peak Height,Rank by Peak Height,Relevant Isotope
0,193.75,(0),118.705,1932.9,290.46,(1),0.00202933,(3),none
1,682.923,(3),63.2273,369.72,365.409,(0),0.00084551,(4),none
2,358.278,(1),87.2932,290.912,151.368,(2),0.00298451,(2),none
3,470.095,(2),76.2075,154.515,42.144,(4),0.0341362,(0),none
4,897.356,(4),55.158,0.0,81.648,(3),0.0130147,(1),none
