Rank by Integral,Energy (eV),Rank by Energy,TOF (us),Integral,Peak Width,Rank by Peak Width,Peak Height,Rank by Peak Height,Relevant Isotope
0,324106.0,(4),2.9787,47669500.0,1299900.0,(0),5.64956,(0),none
1,99.9999,(3),169.578,368.298,0.0538,(4),3.01818,(4),none
2,15.0341,(1),437.352,200.839,12.1857,(2),3.15423,(2),none
3,98.9254,(2),170.497,163.471,79.125,(1),3.01841,(3),none
4,2.14063,(0),1159.04,115.921,6.1681,(3),3.45256,(1),none
