Rank by Integral,Energy (eV),Rank by Energy,TOF (us),Integral,Peak Width,Rank by Peak Width,Peak Height,Rank by Peak Height,Relevant Isotope
0,1718.75,(3),39.8551,386618.0,1872.48,(1),7.27379e-05,(4),none
1,160.938,(1),130.245,304303.0,239.6,(2),0.00564305,(3),none
2,311.916,(2),93.556,83858.4,210.475,(3),0.0078884,(2),none
3,2.75,(0),996.378,10995.6,9.87704,(4),0.473621,(0),none
4,1000000.0,(4),1.65231,0.0,450578.0,(0),0.27533,(1),none
