Rank by Integral,Energy (eV),Rank by Energy,TOF (us),Integral,Peak Width,Rank by Peak Width,Peak Height,Rank by Peak Height,Relevant Isotope
0,150000.0,(4),4.37849,22612100.0,572666.0,(1),5.61971,(0),none
1,6000000.0,(5),0.6923,78376.4,1672710.0,(0),4.00035,(2),none
2,445.275,(2),80.3629,19854.0,33.673,(2),0.519724,(5),none
3,3.875,(0),861.458,4900.46,9.35146,(4),5.38405,(1),none
4,246.184,(1),108.079,908.062,7.936,(5),2.97316,(3),none
5,2328.11,(3),35.1454,373.838,10.32,(3),1.28189,(4),none
