Rank by Integral,Energy (eV),Rank by Energy,TOF (us),Integral,Peak Width,Rank by Peak Width,Peak Height,Rank by Peak Height,Relevant Isotope
0,603.629,(1),69.0215,66977.3,103.845,(2),0.113755,(7),none
1,3995.64,(6),26.8273,9097.74,145.86,(1),4.24604,(1),none
2,111.398,(0),160.669,1603.23,9.068,(7),2.84219,(2),none
3,3842.01,(5),27.3584,1195.75,24.36,(3),0.303843,(6),none
4,2125.88,(2),36.779,749.119,14.36,(5),0.643468,(4),none
5,3025.18,(4),30.8315,735.064,16.29,(4),0.567103,(5),none
6,2845.1,(3),31.7922,179.051,13.09,(6),2.13165,(3),none
7,100000.0,(7),5.36253,0.0,483000.0,(0),5.69677,(0),none
