Rank by Integral,Energy (eV),Rank by Energy,TOF (us),Integral,Peak Width,Rank by Peak Width,Peak Height,Rank by Peak Height,Relevant Isotope
0,265.625,(1),101.381,78602.6,474.422,(3),0.00252434,(1),none
1,1687.5,(2),40.2225,45405.9,1484.86,(0),0.000175103,(3),none
2,59.375,(0),214.432,16588.7,114.08,(5),0.00838568,(0),none
3,2535.02,(3),32.8171,10033.9,715.01,(2),0.000155757,(5),none
4,3415.13,(5),28.274,6814.74,815.94,(1),0.000157622,(4),none
5,2917.19,(4),30.592,1810.95,178.91,(4),0.00121511,(2),none
