Rank by Integral,Energy (eV),Rank by Energy,TOF (us),Integral,Peak Width,Rank by Peak Width,Peak Height,Rank by Peak Height,Relevant Isotope
0,155.859,(2),132.35,5178810.0,241.462,(0),0.0196887,(4),none
1,7.22066,(1),614.897,193150.0,5.0244,(3),72.9554,(0),none
2,1.22949,(0),1490.14,113998.0,5.08679,(2),32.4722,(1),none
3,288.544,(3),97.2713,17222.0,38.26,(1),0.046683,(2),none
4,290.0,(4),97.0268,0.531097,0.112,(4),0.0430676,(3),none
