Rank by Integral,Energy (eV),Rank by Energy,TOF (us),Integral,Peak Width,Rank by Peak Width,Peak Height,Rank by Peak Height,Relevant Isotope
0,265.625,(1),101.381,220983.0,528.277,(3),0.00252434,(1),none
1,1687.5,(2),40.2225,106548.0,1487.84,(0),0.000175103,(4),none
2,59.375,(0),214.432,43371.0,114.927,(6),0.00838568,(0),none
3,2535.02,(3),32.8171,23108.4,717.76,(2),0.000155757,(6),none
4,3415.13,(5),28.274,16749.5,819.62,(1),0.000157622,(5),none
5,2917.19,(4),30.592,4293.15,181.9,(4),0.00121511,(2),none
6,3994.92,(6),26.1419,1181.14,149.3,(5),0.000676073,(3),none
