Rank by Integral,Energy (eV),Rank by Energy,TOF (us),Integral,Peak Width,Rank by Peak Width,Peak Height,Rank by Peak Height,Relevant Isotope
0,243.776,(2),108.611,8533900.0,241.48,(0),1.46503,(5),none
1,7.22719,(1),630.79,265998.0,5.0244,(3),73.0063,(0),none
2,1.22266,(0),1533.62,128099.0,5.08679,(2),32.4789,(1),none
3,288.712,(3),99.8016,68330.7,38.249,(1),7.48607,(2),none
4,290.0,(4),99.5797,2.25716,0.112,(4),7.40334,(3),none
