Rank by Integral,Energy (eV),Rank by Energy,TOF (us),Integral,Peak Width,Rank by Peak Width,Peak Height,Rank by Peak Height,Relevant Isotope
0,324106.0,(4),2.9787,335150.0,841992.0,(0),5.64956,(0),none
1,98.9254,(2),170.497,4742.71,80.0729,(2),3.01841,(3),none
2,15.0341,(1),437.352,3708.1,12.7471,(3),3.15423,(2),none
3,2.14063,(0),1159.04,1928.68,6.42589,(4),3.45256,(1),none
4,99.9999,(3),169.578,0.0,69900.1,(1),3.01818,(4),none
