Rank by Integral,Energy (eV),Rank by Energy,TOF (us),Integral,Peak Width,Rank by Peak Width,Peak Height,Rank by Peak Height,Relevant Isotope
0,6000000.0,(8),0.6923,9522950.0,10192200.0,(0),4.4406,(1),none
1,2125.88,(2),36.779,2816790.0,1487.84,(2),0.643468,(5),none
2,100000.0,(7),5.36253,1248700.0,895750.0,(1),5.69677,(0),none
3,603.629,(1),69.0215,456648.0,265.175,(4),0.113755,(8),none
4,3842.01,(5),27.3584,210307.0,819.58,(3),0.303843,(7),none
5,3995.64,(6),26.8273,20525.3,149.14,(5),4.24604,(2),none
6,111.398,(0),160.669,10141.6,23.1331,(8),2.84219,(3),none
7,3025.18,(4),30.8315,8595.65,75.25,(6),0.567103,(6),none
8,2845.1,(3),31.7922,1251.02,40.08,(7),2.13165,(4),none
