Rank by Integral,Energy (eV),Rank by Energy,TOF (us),Integral,Peak Width,Rank by Peak Width,Peak Height,Rank by Peak Height,Relevant Isotope
0,243.776,(2),108.611,51959.1,238.709,(0),1.46503,(4),none
1,7.22719,(1),630.79,12309.5,4.39913,(4),73.0063,(0),none
2,288.712,(3),99.8016,11146.9,46.448,(1),7.48607,(2),none
3,290.0,(4),99.5797,11146.9,46.448,(2),7.40334,(3),none
4,1.22266,(0),1533.62,4227.8,4.75895,(3),32.4789,(1),none
