Rank by Integral,Energy (eV),Rank by Energy,TOF (us),Integral,Peak Width,Rank by Peak Width,Peak Height,Rank by Peak Height,Relevant Isotope
0,150000.0,(4),4.37849,3641900.0,862337.0,(1),5.61971,(0),none
1,6000000.0,(5),0.6923,2103450.0,6092010.0,(0),4.00035,(2),none
2,2328.11,(3),35.1454,33046.8,1858.14,(2),1.28189,(4),none
3,445.275,(2),80.3629,17842.6,206.035,(4),0.519724,(5),none
4,246.184,(1),108.079,4514.88,237.489,(3),2.97316,(3),none
5,3.875,(0),861.458,283.118,9.47016,(5),5.38405,(1),none
