Rank by Integral,Energy (eV),Rank by Energy,TOF (us),Integral,Peak Width,Rank by Peak Width,Peak Height,Rank by Peak Height,Relevant Isotope
0,150000.0,(4),4.37849,119359000.0,1232050.0,(1),5.61971,(0),none
1,6000000.0,(5),0.6923,8151330.0,8697650.0,(0),4.00035,(2),none
2,2328.11,(3),35.1454,3198020.0,1872.53,(2),1.28189,(4),none
3,445.275,(2),80.3629,397867.0,210.496,(3),0.519724,(5),none
4,3.875,(0),861.458,11250.6,9.87704,(5),5.38405,(1),none
5,246.184,(1),108.079,8274.37,29.03,(4),2.97316,(3),none
