Rank by Integral,Energy (eV),Rank by Energy,TOF (us),Integral,Peak Width,Rank by Peak Width,Peak Height,Rank by Peak Height,Relevant Isotope
0,265.625,(1),101.381,1193.42,516.167,(3),0.00252434,(1),none
1,1687.5,(2),40.2225,734.333,1466.83,(0),0.000175103,(3),none
2,59.375,(0),214.432,347.724,113.635,(5),0.00838568,(0),none
3,2535.02,(3),32.8171,143.767,707.11,(2),0.000155757,(5),none
4,3415.13,(5),28.274,140.865,803.12,(1),0.000157622,(4),none
5,2917.19,(4),30.592,57.8351,173.25,(4),0.00121511,(2),none
