Rank by Integral,Energy (eV),Rank by Energy,TOF (us),Integral,Peak Width,Rank by Peak Width,Peak Height,Rank by Peak Height,Relevant Isotope
0,260000.0,(7),3.3257,17381200.0,1295410.0,(1),5.39465,(1),none
1,7000000.0,(8),0.640945,9875120.0,12347700.0,(0),4.14495,(2),none
2,258.229,(5),105.528,501546.0,162.786,(2),3.9529,(4),none
3,79.0771,(3),190.697,163856.0,30.8863,(3),3.05197,(6),none
4,56.2783,(2),226.047,30352.6,13.3875,(6),3.16418,(5),none
5,97.0135,(4),172.168,28030.6,4.9,(7),50.3232,(0),none
6,40.9711,(1),264.93,25101.5,24.4916,(5),1.9751,(8),none
7,19.0625,(0),388.401,5900.9,25.2912,(4),2.38394,(7),none
