Rank by Integral,Energy (eV),Rank by Energy,TOF (us),Integral,Peak Width,Rank by Peak Width,Peak Height,Rank by Peak Height,Relevant Isotope
0,260000.0,(7),3.3257,1233540.0,571500.0,(0),5.39465,(1),none
1,258.229,(5),105.528,238537.0,162.376,(1),3.9529,(3),none
2,79.0771,(3),190.697,67514.3,30.2148,(2),3.05197,(5),none
3,56.2783,(2),226.047,12212.3,12.8596,(5),3.16418,(4),none
4,97.0135,(4),172.168,10363.9,4.1827,(6),50.3232,(0),none
5,40.9711,(1),264.93,10110.3,24.0787,(4),1.9751,(7),none
6,19.0625,(0),388.401,1901.46,24.4501,(3),2.38394,(6),none
