Rank by Integral,Energy (eV),Rank by Energy,TOF (us),Integral,Peak Width,Rank by Peak Width,Peak Height,Rank by Peak Height,Relevant Isotope
0,260000.0,(7),3.3257,1058900.0,780000.0,(0),5.39465,(1),none
1,258.229,(5),105.528,7029.17,159.824,(1),3.9529,(3),none
2,79.0771,(3),190.697,5211.34,28.667,(3),3.05197,(5),none
3,97.0135,(4),172.168,1950.4,3.545,(7),50.3232,(0),none
4,56.2783,(2),226.047,1180.41,11.9959,(6),3.16418,(4),none
5,306.0,(6),96.9413,1054.93,87.371,(2),4.05329,(2),none
6,40.9711,(1),264.93,673.035,23.1423,(5),1.9751,(7),none
7,19.0625,(0),388.401,154.18,24.6901,(4),2.38394,(6),none
