Rank by Integral,Energy (eV),Rank by Energy,TOF (us),Integral,Peak Width,Rank by Peak Width,Peak Height,Rank by Peak Height,Relevant Isotope
0,230.863,(5),108.746,117285.0,162.375,(0),0.0132602,(5),none
1,74.805,(3),191.04,29746.3,30.2269,(1),1.01061,(2),none
2,32.6001,(1),289.388,9387.71,24.0787,(3),0.312609,(3),none
3,55.5127,(2),221.766,8258.64,12.8596,(4),1.63825,(1),none
4,96.7159,(4),168.013,4535.34,4.1703,(5),42.8565,(0),none
5,11.25,(0),492.623,1921.36,24.6376,(2),0.196566,(4),none
