Rank by Integral,Energy (eV),Rank by Energy,TOF (us),Integral,Peak Width,Rank by Peak Width,Peak Height,Rank by Peak Height,Relevant Isotope
0,99999.9,(3),5.36253,12390400.0,1518490.0,(1),4.5883,(2),none
1,6000000.0,(4),0.6923,9993900.0,8917100.0,(0),4.31755,(3),none
2,91.5283,(0),177.252,283335.0,48.028,(2),1.84317,(4),none
3,123.98,(1),152.298,129078.0,21.6,(3),12.7557,(1),none
4,129.46,(2),149.04,833.337,4.085,(4),13.5971,(0),none
