Rank by Integral,Energy (eV),Rank by Energy,TOF (us),Integral,Peak Width,Rank by Peak Width,Peak Height,Rank by Peak Height,Relevant Isotope
0,230.863,(5),108.746,263122.0,162.795,(0),0.0132602,(5),none
1,74.805,(3),191.04,71264.1,30.8863,(1),1.01061,(2),none
2,32.6001,(1),289.388,23061.1,24.4916,(3),0.312609,(3),none
3,55.5127,(2),221.766,20283.3,13.3875,(4),1.63825,(1),none
4,96.7159,(4),168.013,12096.0,4.8821,(5),42.8565,(0),none
5,11.25,(0),492.623,5746.97,25.2912,(2),0.196566,(4),none
