Rank by Integral,Energy (eV),Rank by Energy,TOF (us),Integral,Peak Width,Rank by Peak Width,Peak Height,Rank by Peak Height,Relevant Isotope
0,513.823,(6),74.8106,365298.0,257.509,(0),0.367421,(9),none
1,111.127,(1),160.864,284235.0,68.5443,(3),0.753938,(6),none
2,858.153,(8),57.8878,267847.0,240.481,(1),0.418675,(7),none
3,179.103,(2),126.712,128612.0,44.359,(4),7.66227,(0),none
4,611.372,(7),68.5831,119486.0,97.832,(2),0.416633,(8),none
5,55.8579,(0),226.896,58051.4,44.1411,(5),1.73991,(4),none
6,264.384,(5),104.292,17449.0,22.648,(7),1.27707,(5),none
7,229.329,(4),111.98,1054.86,28.851,(6),3.84567,(3),none
8,185.202,(3),124.608,256.256,5.244,(8),7.4239,(1),none
