Rank by Integral,Energy (eV),Rank by Energy,TOF (us),Integral,Peak Width,Rank by Peak Width,Peak Height,Rank by Peak Height,Relevant Isotope
0,394.162,(6),83.2249,54284.5,235.578,(0),0.0210688,(8),none
1,91.597,(1),172.643,37580.9,42.5853,(6),0.337818,(1),none
2,173.976,(2),125.27,19585.9,44.359,(4),0.275791,(2),none
3,762.063,(8),59.8543,10288.3,221.616,(1),0.0217398,(7),none
4,579.752,(7),68.623,5173.69,73.306,(2),0.115602,(5),none
5,212.976,(4),113.221,2634.04,44.208,(5),0.0930137,(6),none
6,242.287,(5),106.151,1117.47,33.135,(7),0.145509,(4),none
7,184.063,(3),121.789,237.477,5.228,(8),0.533933,(0),none
8,29.375,(0),304.861,91.2945,59.8783,(3),0.239583,(3),none
