Rank by Integral,Energy (eV),Rank by Energy,TOF (us),Integral,Peak Width,Rank by Peak Width,Peak Height,Rank by Peak Height,Relevant Isotope
0,91.597,(1),172.643,4271.84,65.9404,(3),0.337818,(1),none
1,29.375,(0),304.861,2046.08,65.0548,(4),0.239583,(3),none
2,394.162,(6),83.2249,2037.51,251.653,(0),0.0210688,(8),none
3,173.976,(2),125.27,1176.05,42.028,(6),0.275791,(2),none
4,762.063,(8),59.8543,938.33,231.397,(1),0.0217398,(7),none
5,579.752,(7),68.623,893.51,92.51,(2),0.115602,(5),none
6,242.287,(5),106.151,547.861,39.11,(7),0.145509,(4),none
7,212.976,(4),113.221,95.1668,42.766,(5),0.0930137,(6),none
8,184.063,(3),121.789,27.8294,4.509,(8),0.533933,(0),none
