Rank by Integral,Energy (eV),Rank by Energy,TOF (us),Integral,Peak Width,Rank by Peak Width,Peak Height,Rank by Peak Height,Relevant Isotope
0,166.873,(5),127.908,27581.8,29.788,(4),0.17199,(2),none
1,280.47,(8),98.6614,16799.2,49.799,(0),0.0286419,(9),none
2,130.192,(4),144.81,16337.4,26.812,(5),0.117056,(3),none
3,198.444,(6),117.293,14403.1,29.82,(3),0.0752227,(5),none
4,225.625,(7),110.001,13301.7,39.79,(2),0.0470942,(8),none
5,32.124,(0),291.525,7525.33,41.2946,(1),0.262194,(1),none
6,58.8758,(1),215.339,4492.4,26.533,(7),0.0924372,(4),none
7,110.035,(3),157.516,3145.71,26.6377,(6),0.0571815,(7),none
8,82.0792,(2),182.379,1852.03,26.431,(8),0.0593779,(6),none
