Rank by Integral,Energy (eV),Rank by Energy,TOF (us),Integral,Peak Width,Rank by Peak Width,Peak Height,Rank by Peak Height,Relevant Isotope
0,946.982,(7),55.106,116259.0,142.262,(0),0.3805,(7),none
1,795.663,(6),60.1181,102924.0,122.566,(1),0.256806,(9),none
2,675.37,(5),65.2528,85952.9,118.259,(2),0.269833,(8),none
3,246.137,(1),108.089,16293.2,109.229,(3),2.2722,(2),none
4,997.442,(8),53.694,11645.0,31.916,(7),10.4057,(0),none
5,563.977,(4),71.4067,9125.51,34.789,(6),0.462812,(6),none
6,134.301,(0),146.329,2533.11,18.729,(8),2.16426,(3),none
7,471.613,(3),78.0867,560.454,46.685,(5),1.6761,(5),none
8,361.576,(2),89.1805,549.372,60.565,(4),2.07822,(4),none
