Rank by Integral,Energy (eV),Rank by Energy,TOF (us),Integral,Peak Width,Rank by Peak Width,Peak Height,Rank by Peak Height,Relevant Isotope
0,62.5,(0),209.002,16347.5,139.095,(0),0.00534235,(6),none
1,209.364,(1),114.193,14107.1,109.212,(3),0.00461667,(7),none
2,498.441,(4),74.0089,8184.41,98.639,(5),0.0148519,(4),none
3,626.836,(5),65.9954,7751.59,96.489,(6),0.0396355,(3),none
4,752.867,(6),60.2187,5108.25,94.136,(7),0.0596344,(1),none
5,894.76,(7),55.2379,3989.43,122.535,(1),0.0476731,(2),none
6,303.91,(2),94.7803,2833.56,114.015,(2),0.00381143,(8),none
7,399.397,(3),82.6777,2216.46,108.862,(4),0.00556672,(5),none
8,997.052,(8),52.3277,887.894,31.998,(8),0.109163,(0),none
