Rank by Integral,Energy (eV),Rank by Energy,TOF (us),Integral,Peak Width,Rank by Peak Width,Peak Height,Rank by Peak Height,Relevant Isotope
0,42.55,(6),253.303,179.914,12.2443,(1),233.049,(4),['60-Nd-145_n-g']
1,55.33,(7),222.132,124.797,11.2133,(2),266.596,(1),['60-Nd-143_n-g']
2,33.3,(5),286.331,102.569,8.366,(3),266.365,(2),['60-Nd-148_n-g']
3,22.5,(4),348.337,98.8917,5.9787,(4),326.333,(0),['60-Nd-148_n-g']
4,68.0,(8),200.372,62.128,15.5415,(0),108.69,(8),['60-Nd-148_n-g']
5,12.77,(2),462.376,36.7112,3.1606,(5),151.116,(5),['60-Nd-148_n-g']
6,4.35,(0),792.22,35.8257,1.24671,(8),262.08,(3),['60-Nd-145_n-g']
7,17.26,(3),397.713,32.6528,2.6875,(7),125.325,(6),['60-Nd-148_n-g']
8,10.32,(1),514.341,27.8852,2.85172,(6),124.325,(7),['60-Nd-148_n-g']
