Rank by Integral,Energy (eV),Rank by Energy,TOF (us),Integral,Peak Width,Rank by Peak Width,Peak Height,Rank by Peak Height,Relevant Isotope
0,42.55,(6),253.303,45.6148,0.6247,(0),233.049,(4),['60-Nd-145_n-g']
1,55.33,(7),222.132,43.6816,0.4649,(2),266.596,(1),['60-Nd-143_n-g']
2,22.5,(4),348.337,36.549,0.3167,(4),326.333,(0),['60-Nd-148_n-g']
3,33.3,(5),286.331,32.3049,0.3602,(3),266.365,(2),['60-Nd-148_n-g']
4,68.0,(8),200.372,15.7808,0.479,(1),108.69,(8),['60-Nd-148_n-g']
5,12.77,(2),462.376,11.8548,0.2319,(6),151.116,(5),['60-Nd-148_n-g']
6,4.35,(0),792.22,10.5365,0.13224,(8),262.08,(3),['60-Nd-145_n-g']
7,17.26,(3),397.713,10.4045,0.2534,(5),125.325,(6),['60-Nd-148_n-g']
8,10.32,(1),514.341,8.24716,0.2048,(7),124.325,(7),['60-Nd-148_n-g']
