Rank by Integral,Energy (eV),Rank by Energy,TOF (us),Integral,Peak Width,Rank by Peak Width,Peak Height,Rank by Peak Height,Relevant Isotope
0,86.0059,(7),182.854,1996.91,24.1798,(0),3130.09,(0),none
1,129.009,(8),149.3,1834.01,9.219,(4),2401.04,(1),none
2,14.56,(2),444.415,480.048,6.1899,(7),1565.94,(2),none
3,19.27,(3),386.304,394.383,7.6421,(5),1202.0,(4),none
4,6.7,(1),655.137,391.921,7.45604,(6),1524.66,(3),none
5,70.5,(6),201.965,294.456,13.6357,(1),564.844,(6),none
6,45.6,(5),251.123,163.01,13.2692,(2),372.313,(8),none
7,27.7,(4),322.203,161.408,11.2768,(3),442.661,(7),none
8,0.291562,(0),3140.54,0.0,2.96649,(8),1038.36,(5),none
