Rank by Integral,Energy (eV),Rank by Energy,TOF (us),Integral,Peak Width,Rank by Peak Width,Peak Height,Rank by Peak Height,Relevant Isotope
0,86.0,(7),178.173,1269.24,30.6283,(0),2030.42,(0),none
1,129.0,(8),145.477,748.815,24.195,(1),1006.42,(5),none
2,14.56,(2),433.022,462.866,6.6061,(7),1500.52,(1),none
3,6.7,(1),638.342,385.939,7.18318,(5),1495.32,(2),none
4,19.27,(3),376.4,383.174,7.0355,(6),1164.21,(3),none
5,70.5,(6),196.787,270.249,20.084,(2),523.254,(6),none
6,27.7,(4),313.943,158.005,11.4483,(4),427.756,(7),none
7,45.6,(5),244.686,155.652,18.2612,(3),350.261,(8),none
8,0.291562,(0),3060.03,0.0,2.73055,(8),1028.44,(4),none
