Rank by Integral,Energy (eV),Rank by Energy,TOF (us),Integral,Peak Width,Rank by Peak Width,Peak Height,Rank by Peak Height,Relevant Isotope
0,86.0,(7),178.173,425.601,0.5935,(1),2030.42,(0),none
1,129.0,(8),145.477,259.021,0.751,(0),1006.42,(5),none
2,14.56,(2),433.022,123.762,0.2576,(6),1500.52,(1),none
3,19.27,(3),376.4,100.856,0.2755,(5),1164.21,(3),none
4,6.7,(1),638.342,91.5285,0.19824,(7),1495.32,(2),none
5,70.5,(6),196.787,87.2116,0.4873,(2),523.254,(6),none
6,45.6,(5),244.686,48.5645,0.407,(3),350.261,(8),none
7,27.7,(4),313.943,43.84,0.3183,(4),427.756,(7),none
8,0.291562,(0),3060.03,17.0702,0.092922,(8),1028.44,(4),none
