Rank by Integral,Energy (eV),Rank by Energy,TOF (us),Integral,Peak Width,Rank by Peak Width,Peak Height,Rank by Peak Height,Relevant Isotope
0,0.1625,(0),4206.71,5027.59,0.518965,(3),174.144,(0),none
1,9.73321,(2),543.553,4355.46,8.45028,(1),8.00668,(2),none
2,1.10421,(1),1613.78,1598.4,1.00072,(2),49.2634,(1),none
3,9.99999,(3),536.253,2.31329,0.01954,(4),7.99703,(3),none
4,9000000.0,(4),0.56526,0.0,4000000.0,(0),4.80886,(4),none
