Rank by Integral,Energy (eV),Rank by Energy,TOF (us),Integral,Peak Width,Rank by Peak Width,Peak Height,Rank by Peak Height,Relevant Isotope
0,0.311351,(0),3039.1,4052.02,1.02151,(3),47.4706,(0),none
1,2.18905,(1),1146.15,3414.94,1.99525,(2),17.5335,(1),none
2,9.74264,(2),543.29,3260.11,6.94687,(1),8.01454,(2),none
3,9.99999,(3),536.253,2.57595,0.02087,(4),8.00086,(3),none
4,609214.0,(4),2.17263,0.0,207499.0,(0),7.30098,(4),none
