Rank by Integral,Energy (eV),Rank by Energy,TOF (us),Integral,Peak Width,Rank by Peak Width,Peak Height,Rank by Peak Height,Relevant Isotope
0,400000.0,(6),2.61253,15757900.0,999800.0,(0),0.4807,(5),none
1,8.21613,(1),576.444,562439.0,9.11007,(3),1.30591,(3),none
2,102.749,(4),163.005,191618.0,160.905,(1),0.0120989,(6),none
3,12.1875,(2),473.297,69356.2,12.7816,(2),0.949957,(4),none
4,0.11875,(0),4794.84,61121.6,0.592853,(6),1519.93,(0),none
5,25.7736,(3),325.464,26531.6,4.6627,(4),6.26245,(2),none
6,189.711,(5),119.962,677.574,1.91,(5),18.3522,(1),none
