Rank by Integral,Energy (eV),Rank by Energy,TOF (us),Integral,Peak Width,Rank by Peak Width,Peak Height,Rank by Peak Height,Relevant Isotope
0,8.62728,(1),577.342,581601.0,9.11007,(3),7.44777,(2),none
1,182.754,(4),125.44,450997.0,160.92,(1),1.91552,(5),none
2,16.9141,(2),412.33,96689.1,12.7816,(2),5.368,(3),none
3,0.11875,(0),4921.0,62181.4,0.592853,(5),1526.26,(0),none
4,26.0964,(3),331.955,36121.3,4.6627,(4),19.0295,(1),none
5,9106280.0,(5),0.561952,0.0,5125000.0,(0),4.95583,(4),none
