Rank by Integral,Energy (eV),Rank by Energy,TOF (us),Integral,Peak Width,Rank by Peak Width,Peak Height,Rank by Peak Height,Relevant Isotope
0,8.21613,(1),576.444,253585.0,8.96609,(2),1.30591,(3),none
1,102.749,(4),163.005,41104.7,156.089,(0),0.0120989,(5),none
2,0.11875,(0),4794.84,31833.2,0.549421,(5),1519.93,(0),none
3,25.7736,(3),325.464,10616.2,4.3958,(3),6.26245,(2),none
4,12.1875,(2),473.297,362.801,10.2535,(1),0.949957,(4),none
5,189.711,(5),119.962,259.329,1.424,(4),18.3522,(1),none
