Rank by Integral,Energy (eV),Rank by Energy,TOF (us),Integral,Peak Width,Rank by Peak Width,Peak Height,Rank by Peak Height,Relevant Isotope
0,188.097,(4),123.646,3382780.0,975663.0,(0),4387.45,(2),none
1,0.594931,(0),2198.55,8570.68,8.4263,(3),129172.0,(0),none
2,22.5,(2),357.502,4619.67,9.1823,(2),15366.6,(1),none
3,27.17,(3),325.331,133.302,50.4392,(1),1256.41,(3),none
4,9.71,(1),544.202,32.8861,2.45672,(4),171.16,(4),none
