Rank by Integral,Energy (eV),Rank by Energy,TOF (us),Integral,Peak Width,Rank by Peak Width,Peak Height,Rank by Peak Height,Relevant Isotope
0,8.62728,(1),577.342,263267.0,8.96923,(2),7.44777,(2),none
1,0.11875,(0),4921.0,32204.2,0.549421,(4),1526.26,(0),none
2,26.0964,(3),331.955,13767.6,4.3941,(3),19.0295,(1),none
3,182.754,(4),125.44,9877.8,11.791,(0),1.91552,(4),none
4,16.9141,(2),412.33,375.575,10.4932,(1),5.368,(3),none
