Rank by Integral,Energy (eV),Rank by Energy,TOF (us),Integral,Peak Width,Rank by Peak Width,Peak Height,Rank by Peak Height,Relevant Isotope
0,189.711,(5),119.962,2266290.0,27311.3,(0),18.3522,(1),none
1,8.21613,(1),576.444,7927.82,8.63818,(3),1.30591,(3),none
2,0.11875,(0),4794.84,3473.97,0.490536,(5),1519.93,(0),none
3,102.749,(4),163.005,1508.34,158.277,(1),0.0120989,(5),none
4,12.1875,(2),473.297,1343.18,12.0676,(2),0.949957,(4),none
5,25.7736,(3),325.464,942.13,4.0258,(4),6.26245,(2),none
