Rank by Integral,Energy (eV),Rank by Energy,TOF (us),Integral,Peak Width,Rank by Peak Width,Peak Height,Rank by Peak Height,Relevant Isotope
0,124.36,(6),152.065,21492.6,20.751,(1),16133.9,(0),none
1,147.644,(7),139.56,9332.05,9.997,(6),9496.45,(3),none
2,106.95,(5),163.976,6693.37,18.9129,(3),9569.49,(2),none
3,153.432,(8),136.903,6238.28,15.64,(4),7073.27,(6),none
4,29.985,(2),309.683,5010.44,28.6711,(0),14420.8,(1),none
5,77.85,(4),192.194,4356.21,19.5403,(2),8381.55,(4),none
6,13.373,(1),463.719,1749.27,14.0002,(5),7491.56,(5),none
7,70.66,(3),201.736,1374.59,9.747,(7),3066.72,(7),none
8,4.06,(0),841.602,7.78851,5.78594,(8),115.173,(8),none
