Rank by Integral,Energy (eV),Rank by Energy,TOF (us),Integral,Peak Width,Rank by Peak Width,Peak Height,Rank by Peak Height,Relevant Isotope
0,8400000.0,(7),0.5851,7772910.0,12500000.0,(1),5.06058,(7),none
1,800000.0,(6),1.89594,3203100.0,889000.0,(2),6.78948,(5),none
2,10.7324,(0),517.632,209203.0,15.8974,(3),8.19067,(2),none
3,85.6586,(4),183.225,87188.9,12.1976,(5),10.1938,(0),none
4,60.9329,(2),217.242,34264.8,13.3978,(4),8.00122,(3),none
5,71.9476,(3),199.922,33190.8,5.8672,(7),6.08641,(6),none
6,46.4615,(1),248.784,17629.0,8.2656,(6),7.88304,(4),none
7,40000000.0,(8),0.268127,0.0,33000000.0,(0),4.07783,(8),none
