Rank by Integral,Energy (eV),Rank by Energy,TOF (us),Integral,Peak Width,Rank by Peak Width,Peak Height,Rank by Peak Height,Relevant Isotope
0,36.4598,(1),273.642,159353.0,33.0166,(1),0.138269,(4),none
1,83.0098,(4),181.354,20675.3,11.8842,(4),0.551627,(1),none
2,57.3216,(2),218.239,14337.6,13.3232,(3),0.219744,(3),none
3,66.0326,(3),203.335,2036.99,10.9058,(5),0.401434,(2),none
4,6.5625,(0),644.995,175.439,14.1374,(2),1.07851,(0),none
5,99.9999,(5),165.231,0.0,403.14,(0),0.0586937,(5),none
