Rank by Integral,Energy (eV),Rank by Energy,TOF (us),Integral,Peak Width,Rank by Peak Width,Peak Height,Rank by Peak Height,Relevant Isotope
0,46.4615,(1),248.784,190560.0,33.0237,(1),7.88304,(4),none
1,85.6586,(4),183.225,31865.8,11.8961,(4),10.1938,(0),none
2,60.9329,(2),217.242,15769.0,13.3244,(3),8.00122,(3),none
3,99.9999,(5),169.578,3655.34,602.748,(0),10.0873,(1),none
4,10.7324,(0),517.632,154.948,14.027,(2),8.19067,(2),none
5,71.9476,(3),199.922,17.8537,6.9817,(5),6.08641,(5),none
