Rank by Integral,Energy (eV),Rank by Energy,TOF (us),Integral,Peak Width,Rank by Peak Width,Peak Height,Rank by Peak Height,Relevant Isotope
0,46.4615,(1),248.784,5582.9,32.7213,(0),7.88304,(4),none
1,10.7324,(0),517.632,4668.07,15.5815,(1),8.19067,(2),none
2,71.9476,(3),199.922,2600.64,11.9573,(4),6.08641,(5),none
3,85.6586,(4),183.225,2043.32,11.6404,(5),10.1938,(0),none
4,99.9999,(5),169.578,768.276,12.2546,(3),10.0873,(1),none
5,60.9329,(2),217.242,650.604,12.916,(2),8.00122,(3),none
