Rank by Integral,Energy (eV),Rank by Energy,TOF (us),Integral,Peak Width,Rank by Peak Width,Peak Height,Rank by Peak Height,Relevant Isotope
0,36.4598,(1),273.642,420332.0,33.3976,(0),0.138269,(4),none
1,6.5625,(0),644.995,178994.0,15.8974,(1),1.07851,(0),none
2,83.0098,(4),181.354,62321.2,12.1976,(4),0.551627,(1),none
3,66.0326,(3),203.335,52818.0,12.4967,(3),0.401434,(2),none
4,57.3216,(2),218.239,31849.5,13.3978,(2),0.219744,(3),none
