Rank by Integral,Energy (eV),Rank by Energy,TOF (us),Integral,Peak Width,Rank by Peak Width,Peak Height,Rank by Peak Height,Relevant Isotope
0,1250000.0,(4),1.51675,636808000.0,3867190.0,(2),5.36785,(0),none
1,44000000.0,(6),0.255649,31567000.0,56107500.0,(0),4.23257,(2),none
2,7663.89,(3),19.3707,1090720.0,2743.85,(3),0.138438,(6),none
3,1267.05,(0),47.6401,445761.0,496.875,(5),0.716432,(3),none
4,2659.25,(1),32.8844,151978.0,347.52,(6),0.591787,(4),none
5,5004.65,(2),23.9708,137233.0,575.36,(4),0.390288,(5),none
6,10281300.0,(5),0.528866,0.0,6937500.0,(1),4.99196,(1),none
