Rank by Integral,Energy (eV),Rank by Energy,TOF (us),Integral,Peak Width,Rank by Peak Width,Peak Height,Rank by Peak Height,Relevant Isotope
0,1000000.0,(8),1.69578,7977740.0,2887500.0,(0),5.44741,(8),none
1,551.161,(5),72.2321,9920.41,111.02,(5),7.85682,(7),none
2,303.397,(3),97.3563,8582.46,97.265,(6),8.86863,(6),none
3,430.349,(4),81.7447,8300.25,125.877,(2),10.3391,(4),none
4,197.998,(2),120.515,7982.03,135.017,(1),10.1818,(5),none
5,672.311,(6),65.401,7431.75,112.64,(4),12.5793,(3),none
6,35.6019,(0),284.206,367.694,42.1347,(7),13.3388,(1),none
7,61.8051,(1),215.704,313.461,25.7888,(8),13.2503,(2),none
8,751.915,(7),61.8423,0.0,124.781,(3),18.1252,(0),none
