Rank by Integral,Energy (eV),Rank by Energy,TOF (us),Integral,Peak Width,Rank by Peak Width,Peak Height,Rank by Peak Height,Relevant Isotope
0,44165800.0,(5),0.255168,31612600.0,56250000.0,(0),4.2562,(3),none
1,1250000.0,(3),1.51675,28333000.0,3870140.0,(2),5.33746,(1),none
2,10750000.0,(4),0.517208,14914500.0,15500000.0,(1),5.00152,(2),none
3,4037.36,(1),26.6883,2310880.0,2395.2,(3),0.326317,(5),none
4,1675.11,(0),41.4332,342167.0,516.87,(4),0.952242,(4),none
5,4511.58,(2),25.2467,111987.0,409.34,(5),15.8817,(0),none
