Rank by Integral,Energy (eV),Rank by Energy,TOF (us),Integral,Peak Width,Rank by Peak Width,Peak Height,Rank by Peak Height,Relevant Isotope
0,153.125,(2),133.527,3343.97,207.058,(0),0.0253142,(5),none
1,53.7243,(1),225.427,2149.52,64.9005,(3),0.0580611,(3),none
2,332.221,(3),90.6519,1037.12,37.798,(4),0.439662,(0),none
3,381.823,(4),84.559,753.383,70.143,(2),0.0813243,(2),none
4,5.3125,(0),716.871,651.942,22.3669,(5),0.205604,(1),none
5,457.84,(5),77.2207,129.894,73.763,(1),0.0318582,(4),none
