Rank by Integral,Energy (eV),Rank by Energy,TOF (us),Integral,Peak Width,Rank by Peak Width,Peak Height,Rank by Peak Height,Relevant Isotope
0,1000000.0,(8),1.69578,3244520.0,1805000.0,(0),5.44741,(8),none
1,430.349,(4),81.7447,102200.0,130.725,(1),10.3391,(4),none
2,303.397,(3),97.3563,88838.7,101.143,(4),8.86863,(6),none
3,551.161,(5),72.2321,78228.3,116.916,(3),7.85682,(7),none
4,672.311,(6),65.401,75290.7,118.795,(2),12.5793,(3),none
5,197.998,(2),120.515,15490.1,37.066,(7),10.1818,(5),none
6,751.915,(7),61.8423,14552.1,66.942,(5),18.1252,(0),none
7,61.8051,(1),215.704,3794.05,27.3095,(8),13.2503,(2),none
8,35.6019,(0),284.206,3246.76,42.1417,(6),13.3388,(1),none
