Rank by Integral,Energy (eV),Rank by Energy,TOF (us),Integral,Peak Width,Rank by Peak Width,Peak Height,Rank by Peak Height,Relevant Isotope
0,1250000.0,(6),1.51675,15578600.0,1641800.0,(0),5.40075,(5),none
1,341.861,(3),91.716,59724.3,40.37,(2),16.3592,(1),none
2,290.658,(2),99.4669,33871.4,28.095,(3),2.47052,(6),none
3,16.6406,(0),415.705,17473.7,21.1755,(4),12.5193,(2),none
4,457.84,(5),79.2525,11980.0,40.863,(1),17.7148,(0),none
5,85.7979,(1),183.076,5049.04,11.3462,(5),10.9224,(3),none
6,414.401,(4),83.3028,1761.29,6.941,(6),8.75407,(4),none
