Rank by Integral,Energy (eV),Rank by Energy,TOF (us),Integral,Peak Width,Rank by Peak Width,Peak Height,Rank by Peak Height,Relevant Isotope
0,259.928,(3),102.486,95369.4,102.371,(4),0.157422,(2),none
1,372.511,(4),85.6093,90156.4,132.265,(1),0.122233,(5),none
2,115.43,(2),153.791,85232.5,139.369,(0),0.0604652,(6),none
3,503.955,(5),73.6029,48626.4,118.938,(3),0.164813,(1),none
4,628.52,(6),65.9069,36806.4,120.96,(2),0.129992,(4),none
5,23.5713,(0),340.329,12481.2,42.991,(6),0.146561,(3),none
6,55.2871,(1),222.218,8606.37,27.8834,(7),0.201224,(0),none
7,751.65,(7),60.2675,7399.32,68.5,(5),0.0507911,(7),none
