Rank by Integral,Energy (eV),Rank by Energy,TOF (us),Integral,Peak Width,Rank by Peak Width,Peak Height,Rank by Peak Height,Relevant Isotope
0,1250000.0,(4),1.51675,6503660.0,1626920.0,(0),5.36785,(0),none
1,1267.05,(0),47.6401,48944.2,134.38,(3),0.716432,(1),none
2,7663.89,(3),19.3707,23984.8,363.55,(1),0.138438,(4),none
3,2659.25,(1),32.8844,22922.8,123.93,(4),0.591787,(2),none
4,5004.65,(2),23.9708,13268.9,137.15,(2),0.390288,(3),none
