Rank by Integral,Energy (eV),Rank by Energy,TOF (us),Integral,Peak Width,Rank by Peak Width,Peak Height,Rank by Peak Height,Relevant Isotope
0,481.25,(0),75.3191,110967.0,1324.71,(3),0.00878313,(0),none
1,2043.99,(1),36.547,91711.5,1384.76,(2),0.00782273,(1),none
2,3893.81,(2),26.4791,58205.7,2349.42,(1),0.0023303,(3),none
3,6250.96,(3),20.8986,21936.9,2738.72,(0),0.00203707,(4),none
4,8572.67,(4),17.8457,1048.26,780.0,(4),0.00409188,(2),none
