Rank by Integral,Energy (eV),Rank by Energy,TOF (us),Integral,Peak Width,Rank by Peak Width,Peak Height,Rank by Peak Height,Relevant Isotope
0,1250000.0,(4),1.51675,16613400.0,2988590.0,(0),5.36785,(0),none
1,1267.05,(0),47.6401,100918.0,1311.9,(4),0.716432,(1),none
2,2659.25,(1),32.8844,88964.5,1324.8,(3),0.591787,(2),none
3,5004.65,(2),23.9708,78440.1,2256.88,(2),0.390288,(3),none
4,7663.89,(3),19.3707,64410.5,2586.22,(1),0.138438,(4),none
