Rank by Integral,Energy (eV),Rank by Energy,TOF (us),Integral,Peak Width,Rank by Peak Width,Peak Height,Rank by Peak Height,Relevant Isotope
0,1250000.0,(6),1.51675,7053590.0,2862500.0,(0),5.40075,(5),none
1,290.658,(2),99.4669,39589.7,208.778,(1),2.47052,(6),none
2,341.861,(3),91.716,5073.32,37.75,(5),16.3592,(1),none
3,85.7979,(1),183.076,4365.15,65.1349,(4),10.9224,(3),none
4,414.401,(4),83.3028,3852.56,70.294,(3),8.75407,(4),none
5,16.6406,(0),415.705,1201.52,22.5182,(6),12.5193,(2),none
6,457.84,(5),79.2525,0.0,73.484,(2),17.7148,(0),none
