Rank by Integral,Energy (eV),Rank by Energy,TOF (us),Integral,Peak Width,Rank by Peak Width,Peak Height,Rank by Peak Height,Relevant Isotope
0,259.928,(3),102.486,40968.2,101.143,(4),0.157422,(2),none
1,372.511,(4),85.6093,39340.4,130.673,(1),0.122233,(5),none
2,115.43,(2),153.791,38583.8,138.469,(0),0.0604652,(6),none
3,503.955,(5),73.6029,22694.4,117.015,(3),0.164813,(1),none
4,628.52,(6),65.9069,16080.6,118.757,(2),0.129992,(4),none
5,55.2871,(1),222.218,3725.72,27.3095,(7),0.201224,(0),none
6,751.65,(7),60.2675,3259.55,66.986,(5),0.0507911,(7),none
7,23.5713,(0),340.329,3123.15,42.2244,(6),0.146561,(3),none
