Rank by Integral,Energy (eV),Rank by Energy,TOF (us),Integral,Peak Width,Rank by Peak Width,Peak Height,Rank by Peak Height,Relevant Isotope
0,153.125,(2),133.527,83739.0,198.728,(0),0.0253142,(5),none
1,53.7243,(1),225.427,74815.5,66.3451,(2),0.0580611,(3),none
2,5.3125,(0),716.871,18524.5,22.9215,(5),0.205604,(1),none
3,381.823,(4),84.559,18095.6,72.413,(1),0.0813243,(2),none
4,332.221,(3),90.6519,13992.5,40.38,(4),0.439662,(0),none
5,457.84,(5),77.2207,5638.65,40.888,(3),0.0318582,(4),none
