Rank by Integral,Energy (eV),Rank by Energy,TOF (us),Integral,Peak Width,Rank by Peak Width,Peak Height,Rank by Peak Height,Relevant Isotope
0,1250000.0,(6),1.51675,76993000.0,3937010.0,(2),5.40075,(5),none
1,44000000.0,(8),0.255649,31264700.0,54886800.0,(0),4.21096,(7),none
2,10750000.0,(7),0.517208,14411500.0,15500000.0,(1),4.96792,(6),none
3,290.658,(2),99.4669,384698.0,135.703,(3),2.47052,(8),none
4,341.861,(3),91.716,126934.0,41.47,(6),16.3592,(1),none
5,414.401,(4),83.3028,72082.7,73.379,(4),8.75407,(4),none
6,85.7979,(1),183.076,26884.3,23.8266,(7),10.9224,(3),none
7,457.84,(5),79.2525,26792.3,41.721,(5),17.7148,(0),none
8,16.6406,(0),415.705,23034.8,13.6776,(8),12.5193,(2),none
