Rank by Integral,Energy (eV),Rank by Energy,TOF (us),Integral,Peak Width,Rank by Peak Width,Peak Height,Rank by Peak Height,Relevant Isotope
0,43000000.0,(4),0.258604,30953400.0,54125000.0,(0),4.18684,(4),none
1,10750000.0,(3),0.517208,14414000.0,15750000.0,(1),4.951,(3),none
2,83.6993,(0),185.357,3531460.0,93.4999,(3),7.00448,(1),none
3,102.405,(1),167.575,39690.1,9.3373,(4),31.0967,(0),none
4,1000000.0,(2),1.69578,0.0,141530.0,(2),5.52717,(2),none
