Rank by Integral,Energy (eV),Rank by Energy,TOF (us),Integral,Peak Width,Rank by Peak Width,Peak Height,Rank by Peak Height,Relevant Isotope
0,153.125,(2),133.527,309111.0,212.661,(0),0.0253142,(5),none
1,53.7243,(1),225.427,172361.0,66.7355,(2),0.0580611,(3),none
2,381.823,(4),84.559,41969.6,73.381,(1),0.0813243,(2),none
3,5.3125,(0),716.871,38385.9,23.0526,(5),0.205604,(1),none
4,332.221,(3),90.6519,30330.8,41.476,(4),0.439662,(0),none
5,457.84,(5),77.2207,13165.5,41.74,(3),0.0318582,(4),none
