Rank by Integral,Energy (eV),Rank by Energy,TOF (us),Integral,Peak Width,Rank by Peak Width,Peak Height,Rank by Peak Height,Relevant Isotope
0,9531.25,(1),16.9245,75306.3,7118.03,(2),0.00111211,(1),none
1,2797.15,(0),31.2416,24086.9,3061.11,(3),0.00214889,(0),none
2,11406.5,(2),15.4709,9571.51,2166.3,(4),0.00102942,(2),none
3,22345.5,(3),11.0534,3246.9,12597.7,(0),0.000790272,(3),none
4,164265.0,(4),4.07679,825.194,9429.0,(1),0.000243492,(4),none
