Rank by Integral,Energy (eV),Rank by Energy,TOF (us),Integral,Peak Width,Rank by Peak Width,Peak Height,Rank by Peak Height,Relevant Isotope
0,2797.15,(0),31.2416,529.17,3055.95,(3),0.00214889,(0),none
1,9531.25,(1),16.9245,353.423,7100.82,(2),0.00111211,(1),none
2,11406.5,(2),15.4709,169.362,2146.9,(4),0.00102942,(2),none
3,22345.5,(3),11.0534,65.7794,12372.9,(0),0.000790272,(3),none
4,164265.0,(4),4.07679,33.5866,9016.0,(1),0.000243492,(4),none
