Rank by Integral,Energy (eV),Rank by Energy,Integral,Peak Width,Rank by Peak Width,Peak Height,Rank by Peak Height,Relevant Isotope
0,10839600.0,(8),5921300.0,18276000.0,(0),1.68017,(6),none
1,296889.0,(3),316542.0,279032.0,(2),2.08926,(5),none
2,763919.0,(5),208437.0,292481.0,(1),2.48523,(4),none
3,1007300.0,(6),63582.2,121061.0,(4),1.6219,(7),none
4,1261550.0,(7),55265.5,122730.0,(3),2.60566,(3),none
5,390233.0,(4),49175.4,38144.0,(5),1.28229,(8),none
6,22567.4,(2),535.601,14653.4,(6),3.77009,(2),none
7,2650.95,(0),297.46,2663.2,(7),4.45927,(0),none
8,5285.47,(1),72.4737,2609.69,(8),4.20546,(1),none
