Rank by Integral,Energy (eV),Rank by Energy,Integral,Peak Width,Rank by Peak Width,Peak Height,Rank by Peak Height,Relevant Isotope
0,62740.6,(1),78195.5,38687.5,(1),1.29895,(8),none
1,7500.0,(0),42852.1,17379.8,(4),2.43974,(4),none
2,209860.0,(7),32604.7,98289.0,(0),2.32043,(5),none
3,99653.6,(5),14991.5,17435.6,(3),3.72664,(2),none
4,63603.0,(2),5745.99,5700.1,(5),1.6473,(7),none
5,102397.0,(6),3264.87,4827.3,(6),3.58982,(3),none
6,78700.2,(3),2298.68,1553.0,(7),11.6825,(0),none
7,81259.4,(4),1849.36,1313.8,(8),8.43409,(1),none
8,219844.0,(8),0.0,19855.0,(2),2.28929,(6),none
