Rank by Integral,Energy (eV),Rank by Energy,Integral,Peak Width,Rank by Peak Width,Peak Height,Rank by Peak Height,Relevant Isotope
0,64028.6,(1),343.986,15731.8,(3),0.00301864,(1),none
1,38381.7,(0),195.537,39743.3,(1),0.000437414,(3),none
2,98066.1,(3),134.649,18182.5,(2),0.000455272,(2),none
3,171148.0,(4),56.0406,100481.0,(0),4.66216e-05,(4),none
4,81044.5,(2),41.0023,1295.2,(4),0.0084376,(0),none
