Rank by Integral,Energy (eV),Rank by Energy,Integral,Peak Width,Rank by Peak Width,Peak Height,Rank by Peak Height,Relevant Isotope
0,16000000.0,(8),627302.0,7625000.0,(0),1.74052,(2),none
1,51345.3,(2),51285.9,27341.5,(4),0.490687,(8),none
2,126464.0,(5),42756.2,47028.1,(3),0.869251,(6),none
3,76903.6,(4),34967.8,22445.1,(5),0.911636,(5),none
4,13357.7,(0),32732.7,13422.1,(6),1.57572,(3),none
5,219533.0,(6),32601.5,88230.0,(1),0.844952,(7),none
6,23712.4,(1),23881.1,10249.2,(7),1.41459,(4),none
7,53033.6,(3),3022.64,980.0,(8),3.41574,(0),none
8,259888.0,(7),0.0,51532.0,(2),2.07821,(1),none
