Rank by Integral,Energy (eV),Rank by Energy,Integral,Peak Width,Rank by Peak Width,Peak Height,Rank by Peak Height,Relevant Isotope
0,499907.0,(5),14132100.0,92149.0,(3),1.6223,(3),none
1,500000.0,(6),14132100.0,92149.0,(4),1.6221,(4),none
2,20000000.0,(7),3721930.0,22500000.0,(0),2.1532,(0),none
3,160505.0,(0),206590.0,161010.0,(1),0.00316362,(7),none
4,275016.0,(1),75769.8,132894.0,(2),1.62762,(2),none
5,368463.0,(2),57341.6,86566.0,(5),1.57722,(5),none
6,433817.0,(4),20620.8,29136.0,(6),1.7041,(1),none
7,413784.0,(3),13202.0,9710.0,(7),1.56916,(6),none
