Rank by Integral,Energy (eV),Rank by Energy,Integral,Peak Width,Rank by Peak Width,Peak Height,Rank by Peak Height,Relevant Isotope
0,3304.97,(1),1374.92,4199.29,(2),0.000174843,(3),none
1,228.125,(0),623.876,545.757,(5),0.00197804,(1),none
2,9044.58,(3),221.267,7856.1,(0),6.50632e-05,(5),none
3,5551.11,(2),182.177,1353.36,(3),0.000267934,(2),none
4,18189.5,(5),46.1401,5587.2,(1),0.000131396,(4),none
5,14556.3,(4),27.9367,783.4,(4),0.00239625,(0),none
