Rank by Integral,Energy (eV),Rank by Energy,Integral,Peak Width,Rank by Peak Width,Peak Height,Rank by Peak Height,Relevant Isotope
0,5994.54,(4),26081700.0,894812.0,(1),11.0686,(0),none
1,2200000.0,(5),7597150.0,2594010.0,(0),3.41145,(1),none
2,2792.5,(0),94485.8,2844.5,(2),0.0782741,(4),none
3,4626.09,(3),17955.8,753.27,(4),0.0150754,(5),none
4,3042.97,(1),5551.78,169.11,(5),1.52354,(3),none
5,4163.59,(2),3485.99,1094.8,(3),1.54194,(2),none
