Rank by Integral,Energy (eV),Rank by Energy,Integral,Peak Width,Rank by Peak Width,Peak Height,Rank by Peak Height,Relevant Isotope
0,2200000.0,(8),8614460.0,4460000.0,(0),3.48939,(0),none
1,4765.11,(1),78613.6,4211.84,(4),0.209759,(3),none
2,14071.8,(3),68034.1,7905.04,(1),0.0451016,(5),none
3,28241.7,(7),52891.8,5823.1,(2),0.0281042,(6),none
4,20926.4,(5),52790.0,5534.0,(3),0.0495427,(4),none
5,545.042,(0),23548.2,549.021,(8),2.02297,(1),none
6,6164.26,(2),15999.5,1350.48,(6),0.421445,(2),none
7,22285.2,(6),14368.2,1382.2,(5),0.0040591,(8),none
8,14890.1,(4),11861.5,806.7,(7),0.00913593,(7),none
