Rank by Integral,Energy (eV),Rank by Energy,Integral,Peak Width,Rank by Peak Width,Peak Height,Rank by Peak Height,Relevant Isotope
0,3407580.0,(7),3351020.0,5656260.0,(0),3.67419,(3),none
1,22536.9,(4),70061.1,7605.3,(1),0.134633,(5),none
2,6380.47,(1),54144.7,2881.86,(6),0.0201577,(6),none
3,14081.6,(3),50045.6,4829.01,(3),0.00848656,(7),none
4,26414.4,(5),25793.3,3500.3,(5),0.169536,(4),none
5,9469.56,(2),18883.1,2748.51,(7),5.22168,(1),none
6,3550.4,(0),2575.77,3622.3,(4),4.45766,(2),none
7,29984.1,(6),0.0,5644.6,(2),6.65581,(0),none
