Rank by Integral,Energy (eV),Rank by Energy,Integral,Peak Width,Rank by Peak Width,Peak Height,Rank by Peak Height,Relevant Isotope
0,3929360.0,(8),12775500.0,6900000.0,(0),3.68081,(3),none
1,1007.54,(2),106505.0,730.835,(1),1.17414,(6),none
2,210.869,(1),93971.2,233.551,(5),1.1295,(7),none
3,2293.18,(6),25111.6,517.9,(2),2.00063,(4),none
4,1374.29,(3),18263.1,340.27,(4),1.85381,(5),none
5,11.25,(0),13928.2,25.8998,(8),9.66272,(1),none
6,1686.32,(5),5766.02,99.39,(7),0.325593,(8),none
7,1620.09,(4),3264.85,231.47,(6),3.72394,(2),none
8,2595.37,(7),0.0,483.73,(3),11.3579,(0),none
