Rank by Integral,Energy (eV),Rank by Energy,Integral,Peak Width,Rank by Peak Width,Peak Height,Rank by Peak Height,Relevant Isotope
0,3000000.0,(5),14555800.0,8850000.0,(0),3.77639,(3),none
1,797.203,(3),162001.0,252.416,(2),7.64134,(0),none
2,800.0,(4),162001.0,252.416,(3),7.60667,(1),none
3,617.62,(2),15913.7,181.311,(4),0.857884,(5),none
4,442.881,(1),12615.2,337.315,(1),2.52144,(4),none
5,99.8047,(0),4234.01,107.082,(5),5.43395,(2),none
