Rank by Integral,Energy (eV),Rank by Energy,Integral,Peak Width,Rank by Peak Width,Peak Height,Rank by Peak Height,Relevant Isotope
0,5000000.0,(5),275783000.0,11999900.0,(0),4.10497,(5),none
1,247351.0,(4),87824700.0,3999900.0,(1),7.58246,(0),none
2,12.5866,(1),239.277,10.1874,(3),4.6888,(2),none
3,98.9254,(2),163.751,82.0372,(2),4.42141,(3),none
4,1.75,(0),139.019,5.16767,(4),5.30688,(1),none
5,99.9999,(3),0.0,0.0001,(5),4.4211,(4),none
