Rank by Integral,Energy (eV),Rank by Energy,Integral,Peak Width,Rank by Peak Width,Peak Height,Rank by Peak Height,Relevant Isotope
0,6000000.0,(8),2058360.0,8500000.0,(0),4.4406,(1),none
1,603.629,(1),49143.6,521.129,(5),0.113755,(8),none
2,2125.88,(2),38463.8,1466.28,(2),0.643468,(5),none
3,3842.01,(5),11021.5,803.5,(3),0.303843,(7),none
4,2845.1,(3),3611.61,705.53,(4),2.13165,(4),none
5,3025.18,(4),2314.36,174.13,(7),0.567103,(6),none
6,111.398,(0),1898.28,114.067,(8),2.84219,(3),none
7,3995.64,(6),0.0,391.19,(6),4.24604,(2),none
8,100000.0,(7),0.0,167500.0,(1),5.69677,(0),none
