Rank by Integral,Energy (eV),Rank by Energy,Integral,Peak Width,Rank by Peak Width,Peak Height,Rank by Peak Height,Relevant Isotope
0,7280410.0,(5),482576000.0,12999900.0,(0),4.17673,(1),none
1,324106.0,(4),47669500.0,1299900.0,(1),5.64956,(0),none
2,99.9999,(3),368.298,0.0538,(5),3.01818,(5),none
3,15.0341,(1),200.839,12.1857,(3),3.15423,(3),none
4,98.9254,(2),163.471,79.125,(2),3.01841,(4),none
5,2.14063,(0),115.921,6.1681,(4),3.45256,(2),none
