Rank by Integral,Energy (eV),Rank by Energy,Integral,Peak Width,Rank by Peak Width,Peak Height,Rank by Peak Height,Relevant Isotope
0,6500000.0,(5),18472600.0,12850000.0,(0),4.31314,(4),none
1,243.776,(2),51959.1,238.709,(1),1.46503,(5),none
2,7.22719,(1),12309.5,4.39913,(5),73.0063,(0),none
3,288.712,(3),11146.9,46.448,(2),7.48607,(2),none
4,290.0,(4),11146.9,46.448,(3),7.40334,(3),none
5,1.22266,(0),4227.8,4.75895,(4),32.4789,(1),none
