Rank by Integral,Energy (eV),Rank by Energy,Integral,Peak Width,Rank by Peak Width,Peak Height,Rank by Peak Height,Relevant Isotope
0,7000000.0,(5),1104600000.0,13999900.0,(0),4.20853,(2),none
1,367979.0,(4),467802000.0,5999900.0,(1),6.39228,(0),none
2,20.8209,(1),296.196,16.129,(3),4.09264,(3),none
3,98.9792,(2),274.258,73.1475,(2),3.96751,(4),none
4,3.5,(0),194.474,8.15692,(4),4.34409,(1),none
5,99.9999,(3),193.592,0.027,(5),3.96692,(5),none
