Rank by Integral,Energy (eV),Rank by Energy,Integral,Peak Width,Rank by Peak Width,Peak Height,Rank by Peak Height,Relevant Isotope
0,8473170.0,(5),621897000.0,14999000.0,(0),4.27139,(5),none
1,752280.0,(3),283709000.0,6999000.0,(1),6.17944,(2),none
2,1659320.0,(4),283709000.0,6999000.0,(2),6.6317,(1),none
3,153.991,(1),4087.22,102.184,(4),6.02323,(3),none
4,48.5645,(0),3528.13,51.4397,(5),5.95628,(4),none
5,996.825,(2),2346.13,839.335,(3),7.75027,(0),none
