Rank by Integral,Energy (eV),Rank by Energy,Integral,Peak Width,Rank by Peak Width,Peak Height,Rank by Peak Height,Relevant Isotope
0,9000000.0,(5),2480740000.0,15000000.0,(0),4.84907,(5),none
1,609214.0,(4),1100450000.0,6689650.0,(1),7.30098,(4),none
2,9.99999,(3),1062.08,0.01392,(5),8.00086,(3),none
3,2.18905,(1),209.395,1.64181,(3),17.5335,(1),none
4,0.311351,(0),179.83,0.865744,(4),47.4706,(0),none
5,9.74264,(2),104.726,6.52211,(2),8.01454,(2),none
