Rank by Integral,Energy (eV),Rank by Energy,Integral,Peak Width,Rank by Peak Width,Peak Height,Rank by Peak Height,Relevant Isotope
0,9106280.0,(5),75427700.0,14990000.0,(0),4.95583,(4),none
1,182.754,(4),16786.2,158.864,(1),1.91552,(5),none
2,8.62728,(1),8412.8,8.65274,(3),7.44777,(2),none
3,0.11875,(0),3542.93,0.490536,(5),1526.26,(0),none
4,16.9141,(2),2514.29,12.054,(2),5.368,(3),none
5,26.0964,(3),1280.01,4.0331,(4),19.0295,(1),none
