Rank by Integral,Energy (eV),Rank by Energy,Integral,Peak Width,Rank by Peak Width,Peak Height,Rank by Peak Height,Relevant Isotope
0,189.711,(5),2266290.0,27311.3,(1),18.3522,(1),none
1,400000.0,(6),1858710.0,648300.0,(0),0.4807,(5),none
2,8.21613,(1),7927.82,8.63818,(4),1.30591,(3),none
3,0.11875,(0),3473.97,0.490536,(6),1519.93,(0),none
4,102.749,(4),1508.34,158.277,(2),0.0120989,(6),none
5,12.1875,(2),1343.18,12.0676,(3),0.949957,(4),none
6,25.7736,(3),942.13,4.0258,(5),6.26245,(2),none
