Rank by Integral,Energy (eV),Rank by Energy,Integral,Peak Width,Rank by Peak Width,Peak Height,Rank by Peak Height,Relevant Isotope
0,99.9999,(5),7615.23,12.2669,(3),0.0586937,(5),none
1,36.4598,(1),4264.03,32.663,(0),0.138269,(4),none
2,6.5625,(0),2836.5,15.5361,(1),1.07851,(0),none
3,83.0098,(4),1337.93,11.6212,(5),0.551627,(1),none
4,66.0326,(3),1018.99,11.9331,(4),0.401434,(2),none
5,57.3216,(2),535.553,12.874,(2),0.219744,(3),none
