Rank by Integral,Energy (eV),Rank by Energy,Integral,Peak Width,Rank by Peak Width,Peak Height,Rank by Peak Height,Relevant Isotope
0,1000000.0,(2),11907000.0,2961880.0,(2),5.52717,(2),none
1,43000000.0,(4),3934560.0,29000000.0,(0),4.18684,(4),none
2,10750000.0,(3),434102.0,4000000.0,(1),4.951,(3),none
3,83.6993,(0),53938.6,92.1846,(3),7.00448,(1),none
4,102.405,(1),2774.47,15.3139,(4),31.0967,(0),none
