Rank by Integral,Energy (eV),Rank by Energy,Integral,Peak Width,Rank by Peak Width,Peak Height,Rank by Peak Height,Relevant Isotope
0,1250000.0,(6),7053590.0,2862500.0,(2),5.40075,(5),none
1,44000000.0,(8),4189700.0,29000000.0,(0),4.21096,(7),none
2,10750000.0,(7),463171.0,4000000.0,(1),4.96792,(6),none
3,290.658,(2),39589.7,208.778,(3),2.47052,(8),none
4,341.861,(3),5073.32,37.75,(7),16.3592,(1),none
5,85.7979,(1),4365.15,65.1349,(6),10.9224,(3),none
6,414.401,(4),3852.56,70.294,(5),8.75407,(4),none
7,16.6406,(0),1201.52,22.5182,(8),12.5193,(2),none
8,457.84,(5),0.0,73.484,(4),17.7148,(0),none
