Rank by Integral,Energy (eV),Rank by Energy,Integral,Peak Width,Rank by Peak Width,Peak Height,Rank by Peak Height,Relevant Isotope
0,44165800.0,(5),23087300.0,43000000.0,(0),4.2562,(3),none
1,1250000.0,(3),4699520.0,2740000.0,(2),5.33746,(1),none
2,10750000.0,(4),467239.0,4000000.0,(1),5.00152,(2),none
3,1675.11,(0),102466.0,1700.85,(4),0.952242,(4),none
4,4037.36,(1),94947.0,2330.54,(3),0.326317,(5),none
5,4511.58,(2),6068.18,360.79,(5),15.8817,(0),none
