Rank by Integral,Energy (eV),Rank by Energy,Integral,Peak Width,Rank by Peak Width,Peak Height,Rank by Peak Height,Relevant Isotope
0,1250000.0,(4),16613400.0,2988590.0,(2),5.36785,(0),none
1,44000000.0,(6),4650950.0,30000000.0,(0),4.23257,(2),none
2,10281300.0,(5),434641.0,4000000.0,(1),4.99196,(1),none
3,1267.05,(0),100918.0,1311.9,(6),0.716432,(3),none
4,2659.25,(1),88964.5,1324.8,(5),0.591787,(4),none
5,5004.65,(2),78440.1,2256.88,(4),0.390288,(5),none
6,7663.89,(3),64410.5,2586.22,(3),0.138438,(6),none
