Rank by Integral,TOF (us),Rank by TOF,Integral,Peak Width,Rank by Peak Width,Peak Height,Rank by Peak Height,Relevant Isotope
0,14.4225,(3),5.95885,4988.42,(0),0.000101827,(3),none
1,4.01324,(2),0.00408989,1.43615,(1),0.000179741,(2),none
2,3.89796,(1),0.00228547,0.66869,(2),0.000184853,(1),none
3,2.82229,(0),0.000848858,0.639821,(3),0.000203579,(0),none
