Rank by Integral,TOF (us),Rank by TOF,Integral,Peak Width,Rank by Peak Width,Peak Height,Rank by Peak Height,Relevant Isotope
0,109.397,(5),3465.88,4662.2,(0),0.00197804,(1),none
1,28.7413,(4),33.8953,46.0575,(1),0.000174843,(3),none
2,22.1769,(3),0.371235,2.78001,(3),0.000267934,(2),none
3,17.3739,(2),0.219172,7.04157,(2),6.50632e-05,(5),none
4,12.2512,(0),0.0165401,1.92246,(4),0.000131396,(4),none
5,13.6951,(1),0.0130576,0.366277,(5),0.00239625,(0),none
