Rank by Integral,TOF (us),Rank by TOF,Integral,Peak Width,Rank by Peak Width,Peak Height,Rank by Peak Height,Relevant Isotope
0,196.203,(7),517.009,2.71364,(0),659.689,(0),none
1,97.6978,(5),44.7365,0.480658,(1),246.777,(1),none
2,82.9102,(4),26.0402,0.355772,(3),202.472,(4),none
3,69.9208,(2),21.6822,0.216951,(5),243.433,(2),none
4,100.927,(6),19.8908,0.473742,(2),107.065,(7),none
5,63.5352,(1),18.3191,0.211831,(6),228.64,(3),none
6,73.4939,(3),11.4258,0.277252,(4),113.068,(6),none
7,58.9178,(0),11.2606,0.204983,(7),160.159,(5),none
