Rank by Integral,TOF (us),Rank by TOF,Integral,Peak Width,Rank by Peak Width,Peak Height,Rank by Peak Height,Relevant Isotope
0,101.795,(4),836.948,0.808481,(1),3971.27,(0),none
1,134.909,(5),61.9058,0.997411,(0),203.916,(5),none
2,65.708,(3),61.6169,0.164656,(4),901.393,(1),none
3,54.0575,(2),44.4341,0.224603,(2),877.173,(2),none
4,38.1086,(0),12.798,0.215978,(3),546.644,(3),none
5,45.8641,(1),9.18683,0.0772927,(5),297.862,(4),none
