Rank by Integral,TOF (us),Rank by TOF,Integral,Peak Width,Rank by Peak Width,Peak Height,Rank by Peak Height,Relevant Isotope
0,118.705,(4),679.132,687.474,(0),0.00202933,(3),none
1,87.2932,(3),34.5278,18.0354,(1),0.00298451,(2),none
2,63.2273,(1),18.6622,17.8624,(2),0.00084551,(4),none
3,76.2075,(2),12.2804,3.41141,(3),0.0341362,(0),none
4,55.158,(0),0.0,2.46367,(4),0.0130147,(1),none
