Rank by Integral,TOF (us),Rank by TOF,Integral,Peak Width,Rank by Peak Width,Peak Height,Rank by Peak Height,Relevant Isotope
0,99.188,(5),173.407,1.01672,(1),776.427,(0),none
1,131.45,(6),59.8045,1.25762,(0),194.456,(2),none
2,64.0256,(3),17.022,0.250772,(3),237.577,(1),none
3,52.6736,(2),7.46079,0.189368,(4),140.161,(3),none
4,80.6243,(4),5.2691,0.334464,(2),47.6648,(6),none
5,44.6896,(1),2.89104,0.106659,(5),84.602,(4),none
6,37.1328,(0),1.29206,0.101528,(6),49.8776,(5),none
