Rank by Integral,TOF (us),Rank by TOF,Integral,Peak Width,Rank by Peak Width,Peak Height,Rank by Peak Height,Relevant Isotope
0,1490.14,(4),10062000.0,22602.2,(0),32.4722,(1),none
1,614.897,(3),380429.0,185.192,(2),72.9554,(0),none
2,132.35,(2),151392.0,399.184,(1),0.0196887,(4),none
3,97.0268,(0),427.355,8.40492,(3),0.0430676,(3),none
4,97.2713,(1),427.355,8.40492,(4),0.046683,(2),none
