Rank by Integral,TOF (us),Rank by TOF,Integral,Peak Width,Rank by Peak Width,Peak Height,Rank by Peak Height,Relevant Isotope
0,243.338,(5),12578600.0,181320.0,(0),5.95628,(4),none
1,136.654,(4),4690.79,97.0634,(1),6.02323,(3),none
2,53.7041,(3),357.542,81.2466,(2),7.75027,(0),none
3,1.95515,(2),71.4051,52.3613,(5),6.17944,(2),none
4,0.582568,(0),54.9461,53.1875,(3),4.27139,(5),none
5,1.31645,(1),33.0856,52.9844,(4),6.6317,(1),none
