Rank by Integral,TOF (us),Rank by TOF,Integral,Peak Width,Rank by Peak Width,Peak Height,Rank by Peak Height,Relevant Isotope
0,3039.1,(5),10037100.0,87601.5,(0),47.4706,(0),none
1,1146.15,(4),80740.0,553.972,(1),17.5335,(1),none
2,536.253,(2),28536.7,0.373622,(5),8.00086,(3),none
3,543.29,(3),8887.06,394.994,(4),8.01454,(2),none
4,0.56526,(0),0.0,535.829,(2),4.84907,(5),none
5,2.17263,(1),0.0,534.989,(3),7.30098,(4),none
