Rank by Integral,TOF (us),Rank by TOF,Integral,Peak Width,Rank by Peak Width,Peak Height,Rank by Peak Height,Relevant Isotope
0,4921.0,(5),179418000.0,41289.4,(0),1526.26,(0),none
1,577.342,(4),4216830.0,1423.42,(1),7.44777,(2),none
2,412.33,(3),33080.8,175.197,(3),5.368,(3),none
3,125.44,(1),21489.5,197.408,(2),1.91552,(5),none
4,331.955,(2),8940.53,27.686,(5),19.0295,(1),none
5,0.561952,(0),199.596,122.601,(4),4.95583,(4),none
