Rank by Integral,TOF (us),Rank by TOF,Integral,Peak Width,Rank by Peak Width,Peak Height,Rank by Peak Height,Relevant Isotope
0,517.632,(8),1405630.0,5638.0,(0),8.19067,(2),none
1,248.784,(7),41647.8,178.46,(1),7.88304,(4),none
2,169.578,(3),18733.4,11.4675,(6),10.0873,(1),none
3,199.922,(5),3704.86,17.7946,(3),6.08641,(6),none
4,183.225,(4),2447.32,13.4936,(4),10.1938,(0),none
5,217.242,(6),1351.7,26.3109,(2),8.00122,(3),none
6,1.89594,(2),2.01189,12.8234,(5),6.78948,(5),none
7,0.268127,(0),0.0,10.5355,(8),4.07783,(8),none
8,0.583051,(1),0.0,11.0333,(7),5.06058,(7),none
