Rank by Integral,TOF (us),Rank by TOF,Integral,Peak Width,Rank by Peak Width,Peak Height,Rank by Peak Height,Relevant Isotope
0,644.995,(5),4464430.0,36527.2,(0),1.07851,(0),none
1,273.642,(4),30212.1,173.911,(1),0.138269,(4),none
2,165.231,(0),6371.99,11.1858,(5),0.0586937,(5),none
3,181.354,(1),1573.37,13.1366,(4),0.551627,(1),none
4,203.335,(2),1405.42,17.3167,(3),0.401434,(2),none
5,218.239,(3),1160.38,25.6124,(2),0.219744,(3),none
