Rank by Integral,TOF (us),Rank by TOF,Integral,Peak Width,Rank by Peak Width,Peak Height,Rank by Peak Height,Relevant Isotope
0,116.93,(4),664.408,1.38522,(2),1988.61,(1),none
1,258.604,(6),496.787,5.23464,(0),360.481,(5),none
2,95.8936,(3),415.648,0.78926,(3),2204.86,(0),none
3,201.394,(5),303.92,4.48078,(1),312.291,(6),none
4,71.4023,(1),246.535,0.502962,(5),1926.16,(2),none
5,80.3835,(2),224.584,0.712457,(4),1248.97,(3),none
6,64.7879,(0),98.9534,0.379483,(6),937.393,(4),none
